Transactions,Date,Amount,From Account,To Account,Detail,Charged
Mac,2026/07/01,"$2,000.00",Dream (https://app.notion.com/p/Dream-1de52a1550c180a4bc6eee5e921cbc2d?pvs=21),Savings (https://app.notion.com/p/Savings-1de52a1550c18029b280dc7d9d36cb03?pvs=21),,Yes
約會基金,2026/07/01,"$2,000.00",General (https://app.notion.com/p/General-1fe52a1550c180d89a84f6b6694a42f5?pvs=21),Couple's (https://app.notion.com/p/Couple-s-1de52a1550c181d39de7eebc343b38cd?pvs=21),,Yes
"藜 ",2026/06/21,"$3,445.00",Advanced (https://app.notion.com/p/Advanced-1de52a1550c18124a629c28efc102409?pvs=21),Dream (https://app.notion.com/p/Dream-1de52a1550c180a4bc6eee5e921cbc2d?pvs=21),,No
約會基金,2026/06/01,"$2,000.00",General (https://app.notion.com/p/General-1fe52a1550c180d89a84f6b6694a42f5?pvs=21),Couple's (https://app.notion.com/p/Couple-s-1de52a1550c181d39de7eebc343b38cd?pvs=21),,Yes
Mac,2026/06/01,"$2,000.00",Dream (https://app.notion.com/p/Dream-1de52a1550c180a4bc6eee5e921cbc2d?pvs=21),Savings (https://app.notion.com/p/Savings-1de52a1550c18029b280dc7d9d36cb03?pvs=21),,Yes
美股投資,2026/05/13,"$50,000.00",Investment (https://app.notion.com/p/Investment-1de52a1550c1802c9955ec4b84905202?pvs=21),US Stock Investment (https://app.notion.com/p/US-Stock-Investment-1de52a1550c1810db658f2adff881319?pvs=21),,Yes
約會基金,2026/05/01,"$2,000.00",General (https://app.notion.com/p/General-1fe52a1550c180d89a84f6b6694a42f5?pvs=21),Couple's (https://app.notion.com/p/Couple-s-1de52a1550c181d39de7eebc343b38cd?pvs=21),,Yes
Mac,2026/05/01,"$2,000.00",Dream (https://app.notion.com/p/Dream-1de52a1550c180a4bc6eee5e921cbc2d?pvs=21),Savings (https://app.notion.com/p/Savings-1de52a1550c18029b280dc7d9d36cb03?pvs=21),,Yes
美股投資,2026/04/22,"$100,000.00",Investment (https://app.notion.com/p/Investment-1de52a1550c1802c9955ec4b84905202?pvs=21),US Stock Investment (https://app.notion.com/p/US-Stock-Investment-1de52a1550c1810db658f2adff881319?pvs=21),,Yes
Mac,2026/04/01,"$2,000.00",Dream (https://app.notion.com/p/Dream-1de52a1550c180a4bc6eee5e921cbc2d?pvs=21),Savings (https://app.notion.com/p/Savings-1de52a1550c18029b280dc7d9d36cb03?pvs=21),,Yes
約會基金,2026/04/01,"$2,000.00",General (https://app.notion.com/p/General-1fe52a1550c180d89a84f6b6694a42f5?pvs=21),Couple's (https://app.notion.com/p/Couple-s-1de52a1550c181d39de7eebc343b38cd?pvs=21),,Yes
日本之旅攤銷,2026/03/16,"$8,000.00",Couple's (https://app.notion.com/p/Couple-s-1de52a1550c181d39de7eebc343b38cd?pvs=21),Dream (https://app.notion.com/p/Dream-1de52a1550c180a4bc6eee5e921cbc2d?pvs=21),,Yes
約會基金,2026/03/01,"$2,000.00",General (https://app.notion.com/p/General-1fe52a1550c180d89a84f6b6694a42f5?pvs=21),Couple's (https://app.notion.com/p/Couple-s-1de52a1550c181d39de7eebc343b38cd?pvs=21),,Yes
Mac,2026/03/01,"$2,000.00",Dream (https://app.notion.com/p/Dream-1de52a1550c180a4bc6eee5e921cbc2d?pvs=21),Savings (https://app.notion.com/p/Savings-1de52a1550c18029b280dc7d9d36cb03?pvs=21),,Yes
美股投資,2026/02/01,"$50,000.00",Investment (https://app.notion.com/p/Investment-1de52a1550c1802c9955ec4b84905202?pvs=21),US Stock Investment (https://app.notion.com/p/US-Stock-Investment-1de52a1550c1810db658f2adff881319?pvs=21),,Yes
約會基金,2026/02/01,"$2,000.00",General (https://app.notion.com/p/General-1fe52a1550c180d89a84f6b6694a42f5?pvs=21),Couple's (https://app.notion.com/p/Couple-s-1de52a1550c181d39de7eebc343b38cd?pvs=21),,Yes
Mac,2026/02/01,"$2,000.00",Dream (https://app.notion.com/p/Dream-1de52a1550c180a4bc6eee5e921cbc2d?pvs=21),Savings (https://app.notion.com/p/Savings-1de52a1550c18029b280dc7d9d36cb03?pvs=21),,Yes
日本之旅攤銷,2026/01/07,"$10,000.00",Couple's (https://app.notion.com/p/Couple-s-1de52a1550c181d39de7eebc343b38cd?pvs=21),Dream (https://app.notion.com/p/Dream-1de52a1550c180a4bc6eee5e921cbc2d?pvs=21),,Yes
日本之旅食物,2026/01/07,"$10,000.00",General (https://app.notion.com/p/General-1fe52a1550c180d89a84f6b6694a42f5?pvs=21),Dream (https://app.notion.com/p/Dream-1de52a1550c180a4bc6eee5e921cbc2d?pvs=21),,Yes
約會基金,2026/01/01,"$2,000.00",General (https://app.notion.com/p/General-1fe52a1550c180d89a84f6b6694a42f5?pvs=21),Couple's (https://app.notion.com/p/Couple-s-1de52a1550c181d39de7eebc343b38cd?pvs=21),,Yes
Mac,2026/01/01,"$2,000.00",Dream (https://app.notion.com/p/Dream-1de52a1550c180a4bc6eee5e921cbc2d?pvs=21),Savings (https://app.notion.com/p/Savings-1de52a1550c18029b280dc7d9d36cb03?pvs=21),,Yes
藜,2025/12/28,$999.00,Advanced (https://app.notion.com/p/Advanced-1de52a1550c18124a629c28efc102409?pvs=21),Dream (https://app.notion.com/p/Dream-1de52a1550c180a4bc6eee5e921cbc2d?pvs=21),,Yes
約會基金,2025/12/01,"$2,000.00",General (https://app.notion.com/p/General-1fe52a1550c180d89a84f6b6694a42f5?pvs=21),Couple's (https://app.notion.com/p/Couple-s-1de52a1550c181d39de7eebc343b38cd?pvs=21),,Yes
Mac,2025/12/01,"$2,000.00",Dream (https://app.notion.com/p/Dream-1de52a1550c180a4bc6eee5e921cbc2d?pvs=21),Savings (https://app.notion.com/p/Savings-1de52a1550c18029b280dc7d9d36cb03?pvs=21),,Yes
藜,2025/11/22,$635.00,Dream (https://app.notion.com/p/Dream-1de52a1550c180a4bc6eee5e921cbc2d?pvs=21),Advanced (https://app.notion.com/p/Advanced-1de52a1550c18124a629c28efc102409?pvs=21),,Yes
藜,2025/11/04,$999.00,Dream (https://app.notion.com/p/Dream-1de52a1550c180a4bc6eee5e921cbc2d?pvs=21),Advanced (https://app.notion.com/p/Advanced-1de52a1550c18124a629c28efc102409?pvs=21),,Yes
Mac,2025/11/01,"$2,000.00",Dream (https://app.notion.com/p/Dream-1de52a1550c180a4bc6eee5e921cbc2d?pvs=21),Savings (https://app.notion.com/p/Savings-1de52a1550c18029b280dc7d9d36cb03?pvs=21),,Yes
約會基金,2025/11/01,"$2,000.00",General (https://app.notion.com/p/General-1fe52a1550c180d89a84f6b6694a42f5?pvs=21),Couple's (https://app.notion.com/p/Couple-s-1de52a1550c181d39de7eebc343b38cd?pvs=21),,Yes
藜,2025/10/31,$189.00,Advanced (https://app.notion.com/p/Advanced-1de52a1550c18124a629c28efc102409?pvs=21),Dream (https://app.notion.com/p/Dream-1de52a1550c180a4bc6eee5e921cbc2d?pvs=21),,Yes
藜,2025/10/31,$189.00,Dream (https://app.notion.com/p/Dream-1de52a1550c180a4bc6eee5e921cbc2d?pvs=21),Advanced (https://app.notion.com/p/Advanced-1de52a1550c18124a629c28efc102409?pvs=21),,Yes
藜,2025/10/27,$635.00,Advanced (https://app.notion.com/p/Advanced-1de52a1550c18124a629c28efc102409?pvs=21),Dream (https://app.notion.com/p/Dream-1de52a1550c180a4bc6eee5e921cbc2d?pvs=21),,Yes
約會基金,2025/10/01,"$2,000.00",General (https://app.notion.com/p/General-1fe52a1550c180d89a84f6b6694a42f5?pvs=21),Couple's (https://app.notion.com/p/Couple-s-1de52a1550c181d39de7eebc343b38cd?pvs=21),,Yes
Mac,2025/10/01,"$2,000.00",Dream (https://app.notion.com/p/Dream-1de52a1550c180a4bc6eee5e921cbc2d?pvs=21),Savings (https://app.notion.com/p/Savings-1de52a1550c18029b280dc7d9d36cb03?pvs=21),,Yes
藜,2025/09/08,$508.00,Advanced (https://app.notion.com/p/Advanced-1de52a1550c18124a629c28efc102409?pvs=21),Dream (https://app.notion.com/p/Dream-1de52a1550c180a4bc6eee5e921cbc2d?pvs=21),衛生棉條,Yes
藜,2025/09/08,$508.00,Dream (https://app.notion.com/p/Dream-1de52a1550c180a4bc6eee5e921cbc2d?pvs=21),Advanced (https://app.notion.com/p/Advanced-1de52a1550c18124a629c28efc102409?pvs=21),衛生棉條,Yes
藜,2025/09/02,"$1,063.00",Advanced (https://app.notion.com/p/Advanced-1de52a1550c18124a629c28efc102409?pvs=21),Dream (https://app.notion.com/p/Dream-1de52a1550c180a4bc6eee5e921cbc2d?pvs=21),衛生棉條,Yes
Mac,2025/09/01,"$2,000.00",Dream (https://app.notion.com/p/Dream-1de52a1550c180a4bc6eee5e921cbc2d?pvs=21),Savings (https://app.notion.com/p/Savings-1de52a1550c18029b280dc7d9d36cb03?pvs=21),,Yes
約會基金,2025/09/01,"$2,000.00",General (https://app.notion.com/p/General-1fe52a1550c180d89a84f6b6694a42f5?pvs=21),Couple's (https://app.notion.com/p/Couple-s-1de52a1550c181d39de7eebc343b38cd?pvs=21),,Yes
媽,2025/08/31,"$1,367.00",Advanced (https://app.notion.com/p/Advanced-1de52a1550c18124a629c28efc102409?pvs=21),Dream (https://app.notion.com/p/Dream-1de52a1550c180a4bc6eee5e921cbc2d?pvs=21),,Yes
媽,2025/08/31,"$1,367.00",Dream (https://app.notion.com/p/Dream-1de52a1550c180a4bc6eee5e921cbc2d?pvs=21),Advanced (https://app.notion.com/p/Advanced-1de52a1550c18124a629c28efc102409?pvs=21),,Yes
藜,2025/08/10,"$1,620.00",Advanced (https://app.notion.com/p/Advanced-1de52a1550c18124a629c28efc102409?pvs=21),Dream (https://app.notion.com/p/Dream-1de52a1550c180a4bc6eee5e921cbc2d?pvs=21),hahababy擁抱點點路跑,Yes
藜,2025/08/10,"$1,620.00",Dream (https://app.notion.com/p/Dream-1de52a1550c180a4bc6eee5e921cbc2d?pvs=21),Advanced (https://app.notion.com/p/Advanced-1de52a1550c18124a629c28efc102409?pvs=21),hahababy擁抱點點路跑,Yes
藜,2025/08/10,"$1,063.00",Dream (https://app.notion.com/p/Dream-1de52a1550c180a4bc6eee5e921cbc2d?pvs=21),Advanced (https://app.notion.com/p/Advanced-1de52a1550c18124a629c28efc102409?pvs=21),衛生棉條,Yes
Mac,2025/08/01,"$2,000.00",Dream (https://app.notion.com/p/Dream-1de52a1550c180a4bc6eee5e921cbc2d?pvs=21),Savings (https://app.notion.com/p/Savings-1de52a1550c18029b280dc7d9d36cb03?pvs=21),,Yes
約會基金,2025/08/01,"$2,000.00",General (https://app.notion.com/p/General-1fe52a1550c180d89a84f6b6694a42f5?pvs=21),Couple's (https://app.notion.com/p/Couple-s-1de52a1550c181d39de7eebc343b38cd?pvs=21),,Yes
Mac,2025/07/31,"$49,415.00",Savings (https://app.notion.com/p/Savings-1de52a1550c18029b280dc7d9d36cb03?pvs=21),Dream (https://app.notion.com/p/Dream-1de52a1550c180a4bc6eee5e921cbc2d?pvs=21),,Yes
美股投資,2025/07/03,"$50,000.00",Investment (https://app.notion.com/p/Investment-1de52a1550c1802c9955ec4b84905202?pvs=21),US Stock Investment (https://app.notion.com/p/US-Stock-Investment-1de52a1550c1810db658f2adff881319?pvs=21),,Yes
約會基金,2025/07/01,"$2,000.00",General (https://app.notion.com/p/General-1fe52a1550c180d89a84f6b6694a42f5?pvs=21),Couple's (https://app.notion.com/p/Couple-s-1de52a1550c181d39de7eebc343b38cd?pvs=21),,Yes
約會基金,2025/06/01,"$2,000.00",General (https://app.notion.com/p/General-1fe52a1550c180d89a84f6b6694a42f5?pvs=21),Couple's (https://app.notion.com/p/Couple-s-1de52a1550c181d39de7eebc343b38cd?pvs=21),,Yes
藜,2025/06/01,$999.00,Dream (https://app.notion.com/p/Dream-1de52a1550c180a4bc6eee5e921cbc2d?pvs=21),Advanced (https://app.notion.com/p/Advanced-1de52a1550c18124a629c28efc102409?pvs=21),AO保養液,Yes
藜,2025/06/01,$999.00,Advanced (https://app.notion.com/p/Advanced-1de52a1550c18124a629c28efc102409?pvs=21),Dream (https://app.notion.com/p/Dream-1de52a1550c180a4bc6eee5e921cbc2d?pvs=21),AO保養液,Yes
美股投資,2025/05/28,"$10,000.00",Investment (https://app.notion.com/p/Investment-1de52a1550c1802c9955ec4b84905202?pvs=21),US Stock Investment (https://app.notion.com/p/US-Stock-Investment-1de52a1550c1810db658f2adff881319?pvs=21),,Yes
開車回台南,2025/05/11,"$1,000.00",Couple's (https://app.notion.com/p/Couple-s-1de52a1550c181d39de7eebc343b38cd?pvs=21),Dream (https://app.notion.com/p/Dream-1de52a1550c180a4bc6eee5e921cbc2d?pvs=21),加油費、ETC補貼,Yes
台股投資,2025/05/08,"$8,106.00",Investment (https://app.notion.com/p/Investment-1de52a1550c1802c9955ec4b84905202?pvs=21),NT Stock Investment (https://app.notion.com/p/NT-Stock-Investment-26152a1550c180388607e5638e6da470?pvs=21),,Yes
美股投資,2025/05/08,"$50,000.00",Investment (https://app.notion.com/p/Investment-1de52a1550c1802c9955ec4b84905202?pvs=21),US Stock Investment (https://app.notion.com/p/US-Stock-Investment-1de52a1550c1810db658f2adff881319?pvs=21),,Yes
約會基金,2025/05/02,"$2,000.00",General (https://app.notion.com/p/General-1fe52a1550c180d89a84f6b6694a42f5?pvs=21),Couple's (https://app.notion.com/p/Couple-s-1de52a1550c181d39de7eebc343b38cd?pvs=21),,Yes
幸福培菓,2025/04/24,"$1,469.00",Dream (https://app.notion.com/p/Dream-1de52a1550c180a4bc6eee5e921cbc2d?pvs=21),Advanced (https://app.notion.com/p/Advanced-1de52a1550c18124a629c28efc102409?pvs=21),original 鮭魚 7kg,Yes
幸福培菓,2025/04/24,"$1,469.00",Advanced (https://app.notion.com/p/Advanced-1de52a1550c18124a629c28efc102409?pvs=21),Dream (https://app.notion.com/p/Dream-1de52a1550c180a4bc6eee5e921cbc2d?pvs=21),original 鮭魚 7kg,Yes
藜,2025/04/13,"$1,598.00",Advanced (https://app.notion.com/p/Advanced-1de52a1550c18124a629c28efc102409?pvs=21),Dream (https://app.notion.com/p/Dream-1de52a1550c180a4bc6eee5e921cbc2d?pvs=21),益生菌*2,Yes
約會基金,2025/04/01,"$2,000.00",General (https://app.notion.com/p/General-1fe52a1550c180d89a84f6b6694a42f5?pvs=21),Couple's (https://app.notion.com/p/Couple-s-1de52a1550c181d39de7eebc343b38cd?pvs=21),,Yes
藜,2025/03/26,"$1,598.00",Dream (https://app.notion.com/p/Dream-1de52a1550c180a4bc6eee5e921cbc2d?pvs=21),Advanced (https://app.notion.com/p/Advanced-1de52a1550c18124a629c28efc102409?pvs=21),益生菌*2,Yes
約會基金,2025/03/01,"$2,000.00",General (https://app.notion.com/p/General-1fe52a1550c180d89a84f6b6694a42f5?pvs=21),Couple's (https://app.notion.com/p/Couple-s-1de52a1550c181d39de7eebc343b38cd?pvs=21),,Yes
約會基金,2025/02/01,"$2,000.00",General (https://app.notion.com/p/General-1fe52a1550c180d89a84f6b6694a42f5?pvs=21),Couple's (https://app.notion.com/p/Couple-s-1de52a1550c181d39de7eebc343b38cd?pvs=21),,Yes
媽,2025/01/26,"$5,182.00",Advanced (https://app.notion.com/p/Advanced-1de52a1550c18124a629c28efc102409?pvs=21),Dream (https://app.notion.com/p/Dream-1de52a1550c180a4bc6eee5e921cbc2d?pvs=21),Costco,Yes
媽,2025/01/23,"$5,182.00",Dream (https://app.notion.com/p/Dream-1de52a1550c180a4bc6eee5e921cbc2d?pvs=21),Advanced (https://app.notion.com/p/Advanced-1de52a1550c18124a629c28efc102409?pvs=21),Costco,Yes
藜,2025/01/04,"$6,500.00",Advanced (https://app.notion.com/p/Advanced-1de52a1550c18124a629c28efc102409?pvs=21),Dream (https://app.notion.com/p/Dream-1de52a1550c180a4bc6eee5e921cbc2d?pvs=21),理髮,Yes
藜,2025/01/04,$877.00,Advanced (https://app.notion.com/p/Advanced-1de52a1550c18124a629c28efc102409?pvs=21),Dream (https://app.notion.com/p/Dream-1de52a1550c180a4bc6eee5e921cbc2d?pvs=21),張詠宜陳阿姨火鍋,Yes
藜,2025/01/04,"$1,001.00",Advanced (https://app.notion.com/p/Advanced-1de52a1550c18124a629c28efc102409?pvs=21),Dream (https://app.notion.com/p/Dream-1de52a1550c180a4bc6eee5e921cbc2d?pvs=21),水電費,Yes
媽,2025/01/02,"$4,078.00",Advanced (https://app.notion.com/p/Advanced-1de52a1550c18124a629c28efc102409?pvs=21),Dream (https://app.notion.com/p/Dream-1de52a1550c180a4bc6eee5e921cbc2d?pvs=21),松本清,Yes
哥,2025/01/02,"$4,424.00",Advanced (https://app.notion.com/p/Advanced-1de52a1550c18124a629c28efc102409?pvs=21),Dream (https://app.notion.com/p/Dream-1de52a1550c180a4bc6eee5e921cbc2d?pvs=21),松本清,Yes
約會基金,2025/01/01,"$2,000.00",General (https://app.notion.com/p/General-1fe52a1550c180d89a84f6b6694a42f5?pvs=21),Couple's (https://app.notion.com/p/Couple-s-1de52a1550c181d39de7eebc343b38cd?pvs=21),,Yes
美股投資,2024/12/31,"$80,000.00",Investment (https://app.notion.com/p/Investment-1de52a1550c1802c9955ec4b84905202?pvs=21),US Stock Investment (https://app.notion.com/p/US-Stock-Investment-1de52a1550c1810db658f2adff881319?pvs=21),,Yes
媽,2024/12/31,"$4,078.00",Dream (https://app.notion.com/p/Dream-1de52a1550c180a4bc6eee5e921cbc2d?pvs=21),Advanced (https://app.notion.com/p/Advanced-1de52a1550c18124a629c28efc102409?pvs=21),松本清,Yes
哥,2024/12/31,"$4,424.00",Dream (https://app.notion.com/p/Dream-1de52a1550c180a4bc6eee5e921cbc2d?pvs=21),Advanced (https://app.notion.com/p/Advanced-1de52a1550c18124a629c28efc102409?pvs=21),松本清,Yes
攤銷,2024/12/31,"$36,900.00",Savings (https://app.notion.com/p/Savings-1de52a1550c18029b280dc7d9d36cb03?pvs=21),Dream (https://app.notion.com/p/Dream-1de52a1550c180a4bc6eee5e921cbc2d?pvs=21),,Yes
攤銷,2024/12/31,"$14,032.00",Savings (https://app.notion.com/p/Savings-1de52a1550c18029b280dc7d9d36cb03?pvs=21),General (https://app.notion.com/p/General-1fe52a1550c180d89a84f6b6694a42f5?pvs=21),,Yes
藜,2024/12/23,"$6,500.00",Dream (https://app.notion.com/p/Dream-1de52a1550c180a4bc6eee5e921cbc2d?pvs=21),Advanced (https://app.notion.com/p/Advanced-1de52a1550c18124a629c28efc102409?pvs=21),理髮,Yes
藜,2024/12/21,"$1,001.00",Dream (https://app.notion.com/p/Dream-1de52a1550c180a4bc6eee5e921cbc2d?pvs=21),Advanced (https://app.notion.com/p/Advanced-1de52a1550c18124a629c28efc102409?pvs=21),水電費,Yes
2024日本之旅,2024/12/20,"$166,800.00",Dream (https://app.notion.com/p/Dream-1de52a1550c180a4bc6eee5e921cbc2d?pvs=21),Advanced (https://app.notion.com/p/Advanced-1de52a1550c18124a629c28efc102409?pvs=21),全額扣除訂金,Yes
藜,2024/12/17,$877.00,Dream (https://app.notion.com/p/Dream-1de52a1550c180a4bc6eee5e921cbc2d?pvs=21),Advanced (https://app.notion.com/p/Advanced-1de52a1550c18124a629c28efc102409?pvs=21),張詠宜陳阿姨火鍋,Yes
舅舅,2024/12/10,"$17,800.00",Advanced (https://app.notion.com/p/Advanced-1de52a1550c18124a629c28efc102409?pvs=21),Dream (https://app.notion.com/p/Dream-1de52a1550c180a4bc6eee5e921cbc2d?pvs=21),日本之旅,Yes
舅舅,2024/12/03,"$5,000.00",Dream (https://app.notion.com/p/Dream-1de52a1550c180a4bc6eee5e921cbc2d?pvs=21),Advanced (https://app.notion.com/p/Advanced-1de52a1550c18124a629c28efc102409?pvs=21),日本之旅,Yes
藜,2024/12/03,"$2,500.00",Advanced (https://app.notion.com/p/Advanced-1de52a1550c18124a629c28efc102409?pvs=21),Dream (https://app.notion.com/p/Dream-1de52a1550c180a4bc6eee5e921cbc2d?pvs=21),Luna4,Yes
藜,2024/12/03,"$3,282.00",Advanced (https://app.notion.com/p/Advanced-1de52a1550c18124a629c28efc102409?pvs=21),Dream (https://app.notion.com/p/Dream-1de52a1550c180a4bc6eee5e921cbc2d?pvs=21),Luna4,Yes
約會基金,2024/12/02,"$2,000.00",General (https://app.notion.com/p/General-1fe52a1550c180d89a84f6b6694a42f5?pvs=21),Couple's (https://app.notion.com/p/Couple-s-1de52a1550c181d39de7eebc343b38cd?pvs=21),,Yes
藜,2024/11/21,"$2,500.00",Dream (https://app.notion.com/p/Dream-1de52a1550c180a4bc6eee5e921cbc2d?pvs=21),Advanced (https://app.notion.com/p/Advanced-1de52a1550c18124a629c28efc102409?pvs=21),Luna4,Yes
舅舅,2024/11/11,"$15,000.00",Advanced (https://app.notion.com/p/Advanced-1de52a1550c18124a629c28efc102409?pvs=21),Dream (https://app.notion.com/p/Dream-1de52a1550c180a4bc6eee5e921cbc2d?pvs=21),日本之旅,Yes
藜,2024/11/08,"$3,282.00",Dream (https://app.notion.com/p/Dream-1de52a1550c180a4bc6eee5e921cbc2d?pvs=21),Advanced (https://app.notion.com/p/Advanced-1de52a1550c18124a629c28efc102409?pvs=21),Luna4,Yes
Haha baby路跑,2024/11/03,"$1,550.00",Advanced (https://app.notion.com/p/Advanced-1de52a1550c18124a629c28efc102409?pvs=21),Dream (https://app.notion.com/p/Dream-1de52a1550c180a4bc6eee5e921cbc2d?pvs=21),藜,Yes
約會基金,2024/11/01,"$2,000.00",General (https://app.notion.com/p/General-1fe52a1550c180d89a84f6b6694a42f5?pvs=21),Couple's (https://app.notion.com/p/Couple-s-1de52a1550c181d39de7eebc343b38cd?pvs=21),,Yes
Relove,2024/11/01,"$1,660.00",Advanced (https://app.notion.com/p/Advanced-1de52a1550c18124a629c28efc102409?pvs=21),Dream (https://app.notion.com/p/Dream-1de52a1550c180a4bc6eee5e921cbc2d?pvs=21),除毛膏*2文琳,Yes
Relove,2024/11/01,"$1,660.00",Dream (https://app.notion.com/p/Dream-1de52a1550c180a4bc6eee5e921cbc2d?pvs=21),Advanced (https://app.notion.com/p/Advanced-1de52a1550c18124a629c28efc102409?pvs=21),除毛膏*2文琳,Yes
新竹台南,2024/10/27,$800.00,Couple's (https://app.notion.com/p/Couple-s-1de52a1550c181d39de7eebc343b38cd?pvs=21),Dream (https://app.notion.com/p/Dream-1de52a1550c180a4bc6eee5e921cbc2d?pvs=21),,Yes
媽,2024/10/14,"$8,000.00",Advanced (https://app.notion.com/p/Advanced-1de52a1550c18124a629c28efc102409?pvs=21),Dream (https://app.notion.com/p/Dream-1de52a1550c180a4bc6eee5e921cbc2d?pvs=21),可樂訂金,Yes
媽,2024/10/14,"$31,000.00",Advanced (https://app.notion.com/p/Advanced-1de52a1550c18124a629c28efc102409?pvs=21),Dream (https://app.notion.com/p/Dream-1de52a1550c180a4bc6eee5e921cbc2d?pvs=21),可樂訂金,Yes
媽,2024/10/12,"$50,000.00",Advanced (https://app.notion.com/p/Advanced-1de52a1550c18124a629c28efc102409?pvs=21),Dream (https://app.notion.com/p/Dream-1de52a1550c180a4bc6eee5e921cbc2d?pvs=21),可樂訂金,Yes
媽,2024/10/11,"$50,000.00",Advanced (https://app.notion.com/p/Advanced-1de52a1550c18124a629c28efc102409?pvs=21),Dream (https://app.notion.com/p/Dream-1de52a1550c180a4bc6eee5e921cbc2d?pvs=21),可樂訂金,Yes
舅舅日本之旅,2024/10/10,"$10,000.00",Advanced (https://app.notion.com/p/Advanced-1de52a1550c18124a629c28efc102409?pvs=21),Dream (https://app.notion.com/p/Dream-1de52a1550c180a4bc6eee5e921cbc2d?pvs=21),訂金,Yes
可樂旅遊,2024/10/10,"$60,000.00",Dream (https://app.notion.com/p/Dream-1de52a1550c180a4bc6eee5e921cbc2d?pvs=21),Advanced (https://app.notion.com/p/Advanced-1de52a1550c18124a629c28efc102409?pvs=21),訂金*6,Yes
媽,2024/10/10,"$50,000.00",Advanced (https://app.notion.com/p/Advanced-1de52a1550c18124a629c28efc102409?pvs=21),Dream (https://app.notion.com/p/Dream-1de52a1550c180a4bc6eee5e921cbc2d?pvs=21),可樂訂金,Yes
藜,2024/10/06,"$1,016.00",Advanced (https://app.notion.com/p/Advanced-1de52a1550c18124a629c28efc102409?pvs=21),Dream (https://app.notion.com/p/Dream-1de52a1550c180a4bc6eee5e921cbc2d?pvs=21),衛生棉條,Yes
龍,2024/10/04,$188.00,Advanced (https://app.notion.com/p/Advanced-1de52a1550c18124a629c28efc102409?pvs=21),Dream (https://app.notion.com/p/Dream-1de52a1550c180a4bc6eee5e921cbc2d?pvs=21),菠菜,Yes
約會基金,2024/10/01,"$2,000.00",General (https://app.notion.com/p/General-1fe52a1550c180d89a84f6b6694a42f5?pvs=21),Couple's (https://app.notion.com/p/Couple-s-1de52a1550c181d39de7eebc343b38cd?pvs=21),,Yes
攤銷,2024/10/01,"$7,168.00",Dream (https://app.notion.com/p/Dream-1de52a1550c180a4bc6eee5e921cbc2d?pvs=21),Couple's (https://app.notion.com/p/Couple-s-1de52a1550c181d39de7eebc343b38cd?pvs=21),,Yes
藜,2024/09/29,"$1,016.00",Dream (https://app.notion.com/p/Dream-1de52a1550c180a4bc6eee5e921cbc2d?pvs=21),Advanced (https://app.notion.com/p/Advanced-1de52a1550c18124a629c28efc102409?pvs=21),衛生棉條,Yes
張詠宜,2024/09/29,$499.00,Dream (https://app.notion.com/p/Dream-1de52a1550c180a4bc6eee5e921cbc2d?pvs=21),Advanced (https://app.notion.com/p/Advanced-1de52a1550c18124a629c28efc102409?pvs=21),壽司,Yes
龍,2024/09/29,$188.00,Dream (https://app.notion.com/p/Dream-1de52a1550c180a4bc6eee5e921cbc2d?pvs=21),Advanced (https://app.notion.com/p/Advanced-1de52a1550c18124a629c28efc102409?pvs=21),菠菜,Yes
張詠宜,2024/09/29,$499.00,Advanced (https://app.notion.com/p/Advanced-1de52a1550c18124a629c28efc102409?pvs=21),Dream (https://app.notion.com/p/Dream-1de52a1550c180a4bc6eee5e921cbc2d?pvs=21),壽司,Yes
藜,2024/09/03,"$2,900.00",Advanced (https://app.notion.com/p/Advanced-1de52a1550c18124a629c28efc102409?pvs=21),Dream (https://app.notion.com/p/Dream-1de52a1550c180a4bc6eee5e921cbc2d?pvs=21),台北羽球公開賽,Yes
約會基金,2024/09/02,"$2,000.00",General (https://app.notion.com/p/General-1fe52a1550c180d89a84f6b6694a42f5?pvs=21),Couple's (https://app.notion.com/p/Couple-s-1de52a1550c181d39de7eebc343b38cd?pvs=21),,Yes
藜,2024/08/20,"$2,130.00",Advanced (https://app.notion.com/p/Advanced-1de52a1550c18124a629c28efc102409?pvs=21),Dream (https://app.notion.com/p/Dream-1de52a1550c180a4bc6eee5e921cbc2d?pvs=21),寶雅,Yes
媽,2024/08/17,"$3,893.00",Advanced (https://app.notion.com/p/Advanced-1de52a1550c18124a629c28efc102409?pvs=21),Dream (https://app.notion.com/p/Dream-1de52a1550c180a4bc6eee5e921cbc2d?pvs=21),Costco,Yes
媽,2024/08/13,"$3,893.00",Dream (https://app.notion.com/p/Dream-1de52a1550c180a4bc6eee5e921cbc2d?pvs=21),Advanced (https://app.notion.com/p/Advanced-1de52a1550c18124a629c28efc102409?pvs=21),Costco,Yes
藜,2024/08/11,"$2,130.00",Dream (https://app.notion.com/p/Dream-1de52a1550c180a4bc6eee5e921cbc2d?pvs=21),Advanced (https://app.notion.com/p/Advanced-1de52a1550c18124a629c28efc102409?pvs=21),寶雅,Yes
藜,2024/08/09,"$2,900.00",Dream (https://app.notion.com/p/Dream-1de52a1550c180a4bc6eee5e921cbc2d?pvs=21),Advanced (https://app.notion.com/p/Advanced-1de52a1550c18124a629c28efc102409?pvs=21),台北羽球公開賽,Yes
藜,2024/08/08,"$1,550.00",Dream (https://app.notion.com/p/Dream-1de52a1550c180a4bc6eee5e921cbc2d?pvs=21),Advanced (https://app.notion.com/p/Advanced-1de52a1550c18124a629c28efc102409?pvs=21),Haha baby路跑,Yes
約會基金,2024/08/01,"$2,000.00",General (https://app.notion.com/p/General-1fe52a1550c180d89a84f6b6694a42f5?pvs=21),Couple's (https://app.notion.com/p/Couple-s-1de52a1550c181d39de7eebc343b38cd?pvs=21),,Yes
水電費,2024/07/10,"$1,223.00",Advanced (https://app.notion.com/p/Advanced-1de52a1550c18124a629c28efc102409?pvs=21),General (https://app.notion.com/p/General-1fe52a1550c180d89a84f6b6694a42f5?pvs=21),,Yes
藜,2024/07/10,$390.00,Advanced (https://app.notion.com/p/Advanced-1de52a1550c18124a629c28efc102409?pvs=21),Dream (https://app.notion.com/p/Dream-1de52a1550c180a4bc6eee5e921cbc2d?pvs=21),Uniqlo,Yes
約會基金,2024/07/01,"$2,000.00",General (https://app.notion.com/p/General-1fe52a1550c180d89a84f6b6694a42f5?pvs=21),Couple's (https://app.notion.com/p/Couple-s-1de52a1550c181d39de7eebc343b38cd?pvs=21),,Yes
藜,2024/06/30,$390.00,Dream (https://app.notion.com/p/Dream-1de52a1550c180a4bc6eee5e921cbc2d?pvs=21),Advanced (https://app.notion.com/p/Advanced-1de52a1550c18124a629c28efc102409?pvs=21),Uniqlo,Yes
媽,2024/06/29,"$1,277.00",Advanced (https://app.notion.com/p/Advanced-1de52a1550c18124a629c28efc102409?pvs=21),Dream (https://app.notion.com/p/Dream-1de52a1550c180a4bc6eee5e921cbc2d?pvs=21),Costco餐包239+蝦仁519*2,Yes
蝦皮,2024/06/29,"$1,320.00",Dream (https://app.notion.com/p/Dream-1de52a1550c180a4bc6eee5e921cbc2d?pvs=21),Advanced (https://app.notion.com/p/Advanced-1de52a1550c18124a629c28efc102409?pvs=21),電剪,Yes
蝦皮,2024/06/29,"$1,320.00",Advanced (https://app.notion.com/p/Advanced-1de52a1550c18124a629c28efc102409?pvs=21),Dream (https://app.notion.com/p/Dream-1de52a1550c180a4bc6eee5e921cbc2d?pvs=21),電剪,Yes
媽,2024/06/27,"$1,277.00",Dream (https://app.notion.com/p/Dream-1de52a1550c180a4bc6eee5e921cbc2d?pvs=21),Advanced (https://app.notion.com/p/Advanced-1de52a1550c18124a629c28efc102409?pvs=21),Costco餐包239+蝦仁519*2,Yes
水電費,2024/06/27,"$1,223.00",General (https://app.notion.com/p/General-1fe52a1550c180d89a84f6b6694a42f5?pvs=21),Advanced (https://app.notion.com/p/Advanced-1de52a1550c18124a629c28efc102409?pvs=21),,Yes
約會基金,2024/06/03,"$2,000.00",General (https://app.notion.com/p/General-1fe52a1550c180d89a84f6b6694a42f5?pvs=21),Couple's (https://app.notion.com/p/Couple-s-1de52a1550c181d39de7eebc343b38cd?pvs=21),,Yes
攤銷,2024/06/01,"$8,115.00",Fixed (https://app.notion.com/p/Fixed-1de52a1550c180f19995d25cbc6f1038?pvs=21),General (https://app.notion.com/p/General-1fe52a1550c180d89a84f6b6694a42f5?pvs=21),,Yes
輕鬆美膚,2024/05/22,$792.00,Advanced (https://app.notion.com/p/Advanced-1de52a1550c18124a629c28efc102409?pvs=21),Dream (https://app.notion.com/p/Dream-1de52a1550c180a4bc6eee5e921cbc2d?pvs=21),龍,Yes
輕鬆美膚,2024/05/22,$837.00,Advanced (https://app.notion.com/p/Advanced-1de52a1550c18124a629c28efc102409?pvs=21),Dream (https://app.notion.com/p/Dream-1de52a1550c180a4bc6eee5e921cbc2d?pvs=21),宸徽,Yes
輕鬆美膚,2024/05/22,"$1,719.00",Advanced (https://app.notion.com/p/Advanced-1de52a1550c18124a629c28efc102409?pvs=21),Dream (https://app.notion.com/p/Dream-1de52a1550c180a4bc6eee5e921cbc2d?pvs=21),曼,Yes
輕鬆美膚,2024/05/21,"$1,674.00",Advanced (https://app.notion.com/p/Advanced-1de52a1550c18124a629c28efc102409?pvs=21),Dream (https://app.notion.com/p/Dream-1de52a1550c180a4bc6eee5e921cbc2d?pvs=21),文琳,Yes
輕鬆美膚,2024/05/21,"$5,022.00",Dream (https://app.notion.com/p/Dream-1de52a1550c180a4bc6eee5e921cbc2d?pvs=21),Advanced (https://app.notion.com/p/Advanced-1de52a1550c18124a629c28efc102409?pvs=21),,Yes
媽,2024/05/14,"$1,058.00",Advanced (https://app.notion.com/p/Advanced-1de52a1550c18124a629c28efc102409?pvs=21),Dream (https://app.notion.com/p/Dream-1de52a1550c180a4bc6eee5e921cbc2d?pvs=21),萬歲牌開心果,Yes
媽,2024/05/13,"$1,058.00",Dream (https://app.notion.com/p/Dream-1de52a1550c180a4bc6eee5e921cbc2d?pvs=21),Advanced (https://app.notion.com/p/Advanced-1de52a1550c18124a629c28efc102409?pvs=21),萬歲牌開心果,Yes
藜,2024/05/10,"$3,000.00",Advanced (https://app.notion.com/p/Advanced-1de52a1550c18124a629c28efc102409?pvs=21),Dream (https://app.notion.com/p/Dream-1de52a1550c180a4bc6eee5e921cbc2d?pvs=21),手機維修費,Yes
約會基金,2024/05/02,"$2,000.00",General (https://app.notion.com/p/General-1fe52a1550c180d89a84f6b6694a42f5?pvs=21),Couple's (https://app.notion.com/p/Couple-s-1de52a1550c181d39de7eebc343b38cd?pvs=21),,Yes
投資,2024/04/26,"$30,000.00",Investment (https://app.notion.com/p/Investment-1de52a1550c1802c9955ec4b84905202?pvs=21),JPY Investment (https://app.notion.com/p/JPY-Investment-1de52a1550c180e28c1ff1eecb90f3e2?pvs=21),,Yes
藜,2024/04/10,"$1,000.00",Advanced (https://app.notion.com/p/Advanced-1de52a1550c18124a629c28efc102409?pvs=21),Dream (https://app.notion.com/p/Dream-1de52a1550c180a4bc6eee5e921cbc2d?pvs=21),插畫展,Yes
藜,2024/04/10,"$3,000.00",Advanced (https://app.notion.com/p/Advanced-1de52a1550c18124a629c28efc102409?pvs=21),Dream (https://app.notion.com/p/Dream-1de52a1550c180a4bc6eee5e921cbc2d?pvs=21),手機維修費,Yes
藜,2024/04/06,"$6,000.00",Dream (https://app.notion.com/p/Dream-1de52a1550c180a4bc6eee5e921cbc2d?pvs=21),Advanced (https://app.notion.com/p/Advanced-1de52a1550c18124a629c28efc102409?pvs=21),手機維修費,Yes
藜,2024/04/04,"$1,000.00",Dream (https://app.notion.com/p/Dream-1de52a1550c180a4bc6eee5e921cbc2d?pvs=21),Advanced (https://app.notion.com/p/Advanced-1de52a1550c18124a629c28efc102409?pvs=21),插畫展,Yes
投資,2024/03/29,"$150,000.00",Investment (https://app.notion.com/p/Investment-1de52a1550c1802c9955ec4b84905202?pvs=21),US Stock Investment (https://app.notion.com/p/US-Stock-Investment-1de52a1550c1810db658f2adff881319?pvs=21),,Yes
攤銷,2024/02/29,"$8,613.00",Investment (https://app.notion.com/p/Investment-1de52a1550c1802c9955ec4b84905202?pvs=21),General (https://app.notion.com/p/General-1fe52a1550c180d89a84f6b6694a42f5?pvs=21),,Yes
攤銷,2024/02/29,"$16,009.00",Investment (https://app.notion.com/p/Investment-1de52a1550c1802c9955ec4b84905202?pvs=21),Dream (https://app.notion.com/p/Dream-1de52a1550c180a4bc6eee5e921cbc2d?pvs=21),,Yes
攤銷,2024/02/27,"$20,000.00",Investment (https://app.notion.com/p/Investment-1de52a1550c1802c9955ec4b84905202?pvs=21),JPY Investment (https://app.notion.com/p/JPY-Investment-1de52a1550c180e28c1ff1eecb90f3e2?pvs=21),,Yes
2023存的汽車保費,2024/01/31,"$8,057.00",Fixed (https://app.notion.com/p/Fixed-1de52a1550c180f19995d25cbc6f1038?pvs=21),General (https://app.notion.com/p/General-1fe52a1550c180d89a84f6b6694a42f5?pvs=21),,Yes
韓國之旅攤銷,2024/01/31,"$3,111.00",Dream (https://app.notion.com/p/Dream-1de52a1550c180a4bc6eee5e921cbc2d?pvs=21),Couple's (https://app.notion.com/p/Couple-s-1de52a1550c181d39de7eebc343b38cd?pvs=21),,Yes
韓國之旅攤銷,2023/12/29,"$3,000.00",Dream (https://app.notion.com/p/Dream-1de52a1550c180a4bc6eee5e921cbc2d?pvs=21),Couple's (https://app.notion.com/p/Couple-s-1de52a1550c181d39de7eebc343b38cd?pvs=21),,Yes
韓國之旅,2023/12/11,"$5,000.00",Dream (https://app.notion.com/p/Dream-1de52a1550c180a4bc6eee5e921cbc2d?pvs=21),Couple's (https://app.notion.com/p/Couple-s-1de52a1550c181d39de7eebc343b38cd?pvs=21),,Yes
韓國之旅,2023/12/11,"$3,000.00",General (https://app.notion.com/p/General-1fe52a1550c180d89a84f6b6694a42f5?pvs=21),Couple's (https://app.notion.com/p/Couple-s-1de52a1550c181d39de7eebc343b38cd?pvs=21),,Yes