Income,Account Balance,Accounts,Amount,Date,Detail
藜伙食,19342,General (https://app.notion.com/p/General-1fe52a1550c180d89a84f6b6694a42f5?pvs=21),"NT$3,000.00",2025/04/13,
網路費,19342,General (https://app.notion.com/p/General-1fe52a1550c180d89a84f6b6694a42f5?pvs=21),NT$424.00,2025/04/13,
Spotify月費,19342,General (https://app.notion.com/p/General-1fe52a1550c180d89a84f6b6694a42f5?pvs=21),NT$99.00,2025/04/13,
藜,-201,Couple's (https://app.notion.com/p/Couple-s-1de52a1550c181d39de7eebc343b38cd?pvs=21),"NT$2,000.00",2025/04/13,
慧通,321401,Investment (https://app.notion.com/p/Investment-1de52a1550c1802c9955ec4b84905202?pvs=21),"NT$17,569.00",2025/04/01,
慧通,36095,Fixed (https://app.notion.com/p/Fixed-1de52a1550c180f19995d25cbc6f1038?pvs=21),"NT$21,473.00",2025/04/01,
慧通,24757,General (https://app.notion.com/p/General-1fe52a1550c180d89a84f6b6694a42f5?pvs=21),"NT$15,014.00",2025/04/01,
慧通,341521,Savings (https://app.notion.com/p/Savings-1de52a1550c18029b280dc7d9d36cb03?pvs=21),"NT$4,507.00",2025/04/01,
慧通,-42718,Dream (https://app.notion.com/p/Dream-1de52a1550c180a4bc6eee5e921cbc2d?pvs=21),"NT$6,507.00",2025/04/01,
藜伙食,21614,General (https://app.notion.com/p/General-1fe52a1550c180d89a84f6b6694a42f5?pvs=21),"NT$3,000.00",2025/03/03,
Spotify月費,21614,General (https://app.notion.com/p/General-1fe52a1550c180d89a84f6b6694a42f5?pvs=21),NT$99.00,2025/03/03,
網路費,-23290,Dream (https://app.notion.com/p/Dream-1de52a1550c180a4bc6eee5e921cbc2d?pvs=21),NT$424.00,2025/03/03,
慧通,303832,Investment (https://app.notion.com/p/Investment-1de52a1550c1802c9955ec4b84905202?pvs=21),"NT$17,569.00",2025/03/01,
慧通,32553,Fixed (https://app.notion.com/p/Fixed-1de52a1550c180f19995d25cbc6f1038?pvs=21),"NT$21,473.00",2025/03/01,
慧通,18745,General (https://app.notion.com/p/General-1fe52a1550c180d89a84f6b6694a42f5?pvs=21),"NT$15,014.00",2025/03/01,
慧通,-23714,Dream (https://app.notion.com/p/Dream-1de52a1550c180a4bc6eee5e921cbc2d?pvs=21),"NT$6,507.00",2025/03/01,
慧通,337014,Savings (https://app.notion.com/p/Savings-1de52a1550c18029b280dc7d9d36cb03?pvs=21),"NT$4,507.00",2025/03/01,
藜伙食,20601,General (https://app.notion.com/p/General-1fe52a1550c180d89a84f6b6694a42f5?pvs=21),"NT$3,000.00",2025/02/04,
藜,-27934,Dream (https://app.notion.com/p/Dream-1de52a1550c180a4bc6eee5e921cbc2d?pvs=21),NT$784.00,2025/02/22,
藜,1473,Couple's (https://app.notion.com/p/Couple-s-1de52a1550c181d39de7eebc343b38cd?pvs=21),"NT$2,000.00",2025/02/04,
Spotify月費,20601,General (https://app.notion.com/p/General-1fe52a1550c180d89a84f6b6694a42f5?pvs=21),NT$99.00,2025/02/04,
網路費,-16287,Dream (https://app.notion.com/p/Dream-1de52a1550c180a4bc6eee5e921cbc2d?pvs=21),NT$424.00,2025/02/04,
藜,-16711,Dream (https://app.notion.com/p/Dream-1de52a1550c180a4bc6eee5e921cbc2d?pvs=21),NT$500.00,2025/02/02,
藜,-16711,Dream (https://app.notion.com/p/Dream-1de52a1550c180a4bc6eee5e921cbc2d?pvs=21),"NT$1,200.00",2025/02/02,
慧通,286263,Investment (https://app.notion.com/p/Investment-1de52a1550c1802c9955ec4b84905202?pvs=21),"NT$17,569.00",2025/02/01,
慧通,29011,Fixed (https://app.notion.com/p/Fixed-1de52a1550c180f19995d25cbc6f1038?pvs=21),"NT$21,473.00",2025/02/01,
慧通,18988,General (https://app.notion.com/p/General-1fe52a1550c180d89a84f6b6694a42f5?pvs=21),"NT$15,014.00",2025/02/01,
慧通,332507,Savings (https://app.notion.com/p/Savings-1de52a1550c18029b280dc7d9d36cb03?pvs=21),"NT$4,507.00",2025/02/01,
慧通,-9098,Dream (https://app.notion.com/p/Dream-1de52a1550c180a4bc6eee5e921cbc2d?pvs=21),"NT$6,507.00",2025/02/01,
藜,-13428,Dream (https://app.notion.com/p/Dream-1de52a1550c180a4bc6eee5e921cbc2d?pvs=21),NT$900.00,2025/01/29,
加油費,-13428,Dream (https://app.notion.com/p/Dream-1de52a1550c180a4bc6eee5e921cbc2d?pvs=21),NT$750.00,2025/01/29,
慧通,-10612,Dream (https://app.notion.com/p/Dream-1de52a1550c180a4bc6eee5e921cbc2d?pvs=21),"NT$51,736.00",2025/01/24,
紅包,-13210,Dream (https://app.notion.com/p/Dream-1de52a1550c180a4bc6eee5e921cbc2d?pvs=21),"NT$1,000.00",2025/01/28,
藜伙食,17128,General (https://app.notion.com/p/General-1fe52a1550c180d89a84f6b6694a42f5?pvs=21),"NT$3,000.00",2025/01/04,
Costco,-22303,Dream (https://app.notion.com/p/Dream-1de52a1550c180a4bc6eee5e921cbc2d?pvs=21),NT$489.00,2025/01/04,
Costco,17128,General (https://app.notion.com/p/General-1fe52a1550c180d89a84f6b6694a42f5?pvs=21),"NT$1,586.00",2025/01/04,
藜,2296,Couple's (https://app.notion.com/p/Couple-s-1de52a1550c181d39de7eebc343b38cd?pvs=21),"NT$2,000.00",2025/01/04,
網路費,17128,General (https://app.notion.com/p/General-1fe52a1550c180d89a84f6b6694a42f5?pvs=21),NT$424.00,2025/01/04,
Spotify月費,17128,General (https://app.notion.com/p/General-1fe52a1550c180d89a84f6b6694a42f5?pvs=21),NT$99.00,2025/01/04,
慧通,268694,Investment (https://app.notion.com/p/Investment-1de52a1550c1802c9955ec4b84905202?pvs=21),"NT$17,569.00",2025/01/01,
慧通,25469,Fixed (https://app.notion.com/p/Fixed-1de52a1550c180f19995d25cbc6f1038?pvs=21),"NT$21,473.00",2025/01/01,
慧通,14924,General (https://app.notion.com/p/General-1fe52a1550c180d89a84f6b6694a42f5?pvs=21),"NT$15,014.00",2025/01/01,
慧通,-39183,Dream (https://app.notion.com/p/Dream-1de52a1550c180a4bc6eee5e921cbc2d?pvs=21),"NT$6,507.00",2025/01/01,
慧通,328000,Savings (https://app.notion.com/p/Savings-1de52a1550c18029b280dc7d9d36cb03?pvs=21),"NT$4,507.00",2025/01/01,
藜伙食,659,General (https://app.notion.com/p/General-1fe52a1550c180d89a84f6b6694a42f5?pvs=21),"NT$3,000.00",2024/12/03,
藜,8611,Couple's (https://app.notion.com/p/Couple-s-1de52a1550c181d39de7eebc343b38cd?pvs=21),"NT$2,000.00",2024/12/03,
網路費,659,General (https://app.notion.com/p/General-1fe52a1550c180d89a84f6b6694a42f5?pvs=21),NT$424.00,2024/12/03,
慧通,331125,Investment (https://app.notion.com/p/Investment-1de52a1550c1802c9955ec4b84905202?pvs=21),"NT$19,521.00",2024/12/02,
Spotify月費,659,General (https://app.notion.com/p/General-1fe52a1550c180d89a84f6b6694a42f5?pvs=21),NT$99.00,2024/12/03,
慧通,21882,Fixed (https://app.notion.com/p/Fixed-1de52a1550c180f19995d25cbc6f1038?pvs=21),"NT$19,521.00",2024/12/02,
慧通,-2864,General (https://app.notion.com/p/General-1fe52a1550c180d89a84f6b6694a42f5?pvs=21),"NT$13,014.00",2024/12/02,
慧通,138139,Dream (https://app.notion.com/p/Dream-1de52a1550c180a4bc6eee5e921cbc2d?pvs=21),"NT$6,507.00",2024/12/02,
慧通,374425,Savings (https://app.notion.com/p/Savings-1de52a1550c18029b280dc7d9d36cb03?pvs=21),"NT$6,507.00",2024/12/02,
藜伙食,180,General (https://app.notion.com/p/General-1fe52a1550c180d89a84f6b6694a42f5?pvs=21),"NT$3,000.00",2024/11/03,
媽,-6412,General (https://app.notion.com/p/General-1fe52a1550c180d89a84f6b6694a42f5?pvs=21),"NT$3,000.00",2024/11/17,
水電費,180,General (https://app.notion.com/p/General-1fe52a1550c180d89a84f6b6694a42f5?pvs=21),"NT$2,046.00",2024/11/03,
藜約會基金,4611,Couple's (https://app.notion.com/p/Couple-s-1de52a1550c181d39de7eebc343b38cd?pvs=21),"NT$2,000.00",2024/11/03,
網路費,180,General (https://app.notion.com/p/General-1fe52a1550c180d89a84f6b6694a42f5?pvs=21),NT$424.00,2024/11/03,
Spotify月費,180,General (https://app.notion.com/p/General-1fe52a1550c180d89a84f6b6694a42f5?pvs=21),NT$99.00,2024/11/03,
慧通,311604,Investment (https://app.notion.com/p/Investment-1de52a1550c1802c9955ec4b84905202?pvs=21),"NT$19,521.00",2024/11/01,
慧通,-5349,General (https://app.notion.com/p/General-1fe52a1550c180d89a84f6b6694a42f5?pvs=21),"NT$13,014.00",2024/11/01,
慧通,23747,Fixed (https://app.notion.com/p/Fixed-1de52a1550c180f19995d25cbc6f1038?pvs=21),"NT$19,521.00",2024/11/01,
慧通,133028,Dream (https://app.notion.com/p/Dream-1de52a1550c180a4bc6eee5e921cbc2d?pvs=21),"NT$6,507.00",2024/11/01,
慧通,370418,Savings (https://app.notion.com/p/Savings-1de52a1550c18029b280dc7d9d36cb03?pvs=21),"NT$6,507.00",2024/11/01,
藜伙食,2194,General (https://app.notion.com/p/General-1fe52a1550c180d89a84f6b6694a42f5?pvs=21),"NT$3,000.00",2024/10/06,
藜約會基金,4000,Couple's (https://app.notion.com/p/Couple-s-1de52a1550c181d39de7eebc343b38cd?pvs=21),"NT$2,000.00",2024/10/06,
網路費,2194,General (https://app.notion.com/p/General-1fe52a1550c180d89a84f6b6694a42f5?pvs=21),NT$424.00,2024/10/06,
Spotify月費,2194,General (https://app.notion.com/p/General-1fe52a1550c180d89a84f6b6694a42f5?pvs=21),NT$99.00,2024/10/06,
慧通,292083,Investment (https://app.notion.com/p/Investment-1de52a1550c1802c9955ec4b84905202?pvs=21),"NT$19,521.00",2024/10/01,
慧通,13612,Fixed (https://app.notion.com/p/Fixed-1de52a1550c180f19995d25cbc6f1038?pvs=21),"NT$19,521.00",2024/10/01,
慧通,10998,Dream (https://app.notion.com/p/Dream-1de52a1550c180a4bc6eee5e921cbc2d?pvs=21),"NT$6,507.00",2024/10/01,
慧通,1078,General (https://app.notion.com/p/General-1fe52a1550c180d89a84f6b6694a42f5?pvs=21),"NT$13,014.00",2024/10/01,
慧通,366411,Savings (https://app.notion.com/p/Savings-1de52a1550c18029b280dc7d9d36cb03?pvs=21),"NT$6,507.00",2024/10/01,
網路費,7527,General (https://app.notion.com/p/General-1fe52a1550c180d89a84f6b6694a42f5?pvs=21),NT$424.00,2024/09/03,
藜伙食,7527,General (https://app.notion.com/p/General-1fe52a1550c180d89a84f6b6694a42f5?pvs=21),"NT$3,000.00",2024/09/03,
Spotify月費,7527,General (https://app.notion.com/p/General-1fe52a1550c180d89a84f6b6694a42f5?pvs=21),NT$99.00,2024/09/03,
慧通,272562,Investment (https://app.notion.com/p/Investment-1de52a1550c1802c9955ec4b84905202?pvs=21),"NT$19,521.00",2024/09/02,
藜約會帳戶,-7168,Couple's (https://app.notion.com/p/Couple-s-1de52a1550c181d39de7eebc343b38cd?pvs=21),"NT$2,674.00",2024/09/02,
慧通,9477,Fixed (https://app.notion.com/p/Fixed-1de52a1550c180f19995d25cbc6f1038?pvs=21),"NT$19,521.00",2024/09/02,
慧通,4352,General (https://app.notion.com/p/General-1fe52a1550c180d89a84f6b6694a42f5?pvs=21),"NT$13,014.00",2024/09/02,
慧通,362404,Savings (https://app.notion.com/p/Savings-1de52a1550c18029b280dc7d9d36cb03?pvs=21),"NT$6,507.00",2024/09/02,
慧通,16199,Dream (https://app.notion.com/p/Dream-1de52a1550c180a4bc6eee5e921cbc2d?pvs=21),"NT$6,507.00",2024/09/02,
慧通,362404,Savings (https://app.notion.com/p/Savings-1de52a1550c18029b280dc7d9d36cb03?pvs=21),"NT$6,507.00",2024/09/02,
慧通,16199,Dream (https://app.notion.com/p/Dream-1de52a1550c180a4bc6eee5e921cbc2d?pvs=21),"NT$13,014.00",2024/09/02,
慧通,272562,Investment (https://app.notion.com/p/Investment-1de52a1550c1802c9955ec4b84905202?pvs=21),"NT$13,014.00",2024/09/02,
新臺馬,1252,Couple's (https://app.notion.com/p/Couple-s-1de52a1550c181d39de7eebc343b38cd?pvs=21),"NT$3,150.00",2024/08/21,
Spotify月費,3426,General (https://app.notion.com/p/General-1fe52a1550c180d89a84f6b6694a42f5?pvs=21),NT$99.00,2024/08/20,
水電,3426,General (https://app.notion.com/p/General-1fe52a1550c180d89a84f6b6694a42f5?pvs=21),"NT$2,502.00",2024/08/20,
網路費,3426,General (https://app.notion.com/p/General-1fe52a1550c180d89a84f6b6694a42f5?pvs=21),NT$424.00,2024/08/20,
藜伙食,3426,General (https://app.notion.com/p/General-1fe52a1550c180d89a84f6b6694a42f5?pvs=21),"NT$3,000.00",2024/08/20,
慧通,7914,General (https://app.notion.com/p/General-1fe52a1550c180d89a84f6b6694a42f5?pvs=21),"NT$13,014.00",2024/08/01,
慧通,240027,Investment (https://app.notion.com/p/Investment-1de52a1550c1802c9955ec4b84905202?pvs=21),"NT$19,521.00",2024/08/01,
慧通,18583,Fixed (https://app.notion.com/p/Fixed-1de52a1550c180f19995d25cbc6f1038?pvs=21),"NT$19,521.00",2024/08/01,
慧通,351890,Savings (https://app.notion.com/p/Savings-1de52a1550c18029b280dc7d9d36cb03?pvs=21),"NT$6,507.00",2024/08/01,
慧通,32279,Dream (https://app.notion.com/p/Dream-1de52a1550c180a4bc6eee5e921cbc2d?pvs=21),"NT$6,507.00",2024/08/01,
藜伙食,10051,General (https://app.notion.com/p/General-1fe52a1550c180d89a84f6b6694a42f5?pvs=21),"NT$3,000.00",2024/07/10,
網路費,10051,General (https://app.notion.com/p/General-1fe52a1550c180d89a84f6b6694a42f5?pvs=21),NT$424.00,2024/07/10,
Spotify月費,10051,General (https://app.notion.com/p/General-1fe52a1550c180d89a84f6b6694a42f5?pvs=21),NT$99.00,2024/07/10,
慧通,45718,Dream (https://app.notion.com/p/Dream-1de52a1550c180a4bc6eee5e921cbc2d?pvs=21),"NT$6,507.00",2024/07/01,
慧通,347883,Savings (https://app.notion.com/p/Savings-1de52a1550c18029b280dc7d9d36cb03?pvs=21),"NT$6,507.00",2024/07/01,
慧通,20628,Fixed (https://app.notion.com/p/Fixed-1de52a1550c180f19995d25cbc6f1038?pvs=21),"NT$19,521.00",2024/07/01,
慧通,220506,Investment (https://app.notion.com/p/Investment-1de52a1550c1802c9955ec4b84905202?pvs=21),"NT$19,521.00",2024/07/01,
慧通,9196,General (https://app.notion.com/p/General-1fe52a1550c180d89a84f6b6694a42f5?pvs=21),"NT$13,014.00",2024/07/01,
藜伙食,10177,General (https://app.notion.com/p/General-1fe52a1550c180d89a84f6b6694a42f5?pvs=21),"NT$3,000.00",2024/06/10,
網路費,10177,General (https://app.notion.com/p/General-1fe52a1550c180d89a84f6b6694a42f5?pvs=21),NT$424.00,2024/06/10,
Spotify月費,10177,General (https://app.notion.com/p/General-1fe52a1550c180d89a84f6b6694a42f5?pvs=21),NT$99.00,2024/06/10,
慧通,343876,Savings (https://app.notion.com/p/Savings-1de52a1550c18029b280dc7d9d36cb03?pvs=21),"NT$3,093.00",2024/06/03,
慧通,200985,Investment (https://app.notion.com/p/Investment-1de52a1550c1802c9955ec4b84905202?pvs=21),"NT$6,187.00",2024/06/03,
慧通,49500,Dream (https://app.notion.com/p/Dream-1de52a1550c180a4bc6eee5e921cbc2d?pvs=21),"NT$6,507.00",2024/06/03,
慧通,49500,Dream (https://app.notion.com/p/Dream-1de52a1550c180a4bc6eee5e921cbc2d?pvs=21),"NT$6,187.00",2024/06/03,
慧通,343876,Savings (https://app.notion.com/p/Savings-1de52a1550c18029b280dc7d9d36cb03?pvs=21),"NT$6,507.00",2024/06/03,
慧通,47262,Fixed (https://app.notion.com/p/Fixed-1de52a1550c180f19995d25cbc6f1038?pvs=21),"NT$19,521.00",2024/06/03,
慧通,10181,General (https://app.notion.com/p/General-1fe52a1550c180d89a84f6b6694a42f5?pvs=21),"NT$13,014.00",2024/06/03,
慧通,200985,Investment (https://app.notion.com/p/Investment-1de52a1550c1802c9955ec4b84905202?pvs=21),"NT$19,521.00",2024/06/03,
醫療險保費,35877,Fixed (https://app.notion.com/p/Fixed-1de52a1550c180f19995d25cbc6f1038?pvs=21),"NT$13,000.00",2024/06/01,
藜伙食,3647,General (https://app.notion.com/p/General-1fe52a1550c180d89a84f6b6694a42f5?pvs=21),"NT$3,000.00",2024/05/10,
媽贊助,59318,Dream (https://app.notion.com/p/Dream-1de52a1550c180a4bc6eee5e921cbc2d?pvs=21),"NT$10,000.00",2024/05/19,
網路費,3647,General (https://app.notion.com/p/General-1fe52a1550c180d89a84f6b6694a42f5?pvs=21),NT$424.00,2024/05/10,
Spotify月費,3647,General (https://app.notion.com/p/General-1fe52a1550c180d89a84f6b6694a42f5?pvs=21),NT$99.00,2024/05/10,
慧通,67347,Dream (https://app.notion.com/p/Dream-1de52a1550c180a4bc6eee5e921cbc2d?pvs=21),"NT$6,507.00",2024/05/02,
慧通,336776,Savings (https://app.notion.com/p/Savings-1de52a1550c18029b280dc7d9d36cb03?pvs=21),"NT$6,507.00",2024/05/02,
慧通,175277,Investment (https://app.notion.com/p/Investment-1de52a1550c1802c9955ec4b84905202?pvs=21),"NT$19,521.00",2024/05/02,
慧通,37742,Fixed (https://app.notion.com/p/Fixed-1de52a1550c180f19995d25cbc6f1038?pvs=21),"NT$19,521.00",2024/05/02,
慧通,5337,General (https://app.notion.com/p/General-1fe52a1550c180d89a84f6b6694a42f5?pvs=21),"NT$13,014.00",2024/05/02,
世新大學講師費,49729,Dream (https://app.notion.com/p/Dream-1de52a1550c180a4bc6eee5e921cbc2d?pvs=21),"NT$5,200.00",2024/04/19,
矽統離職金,65049,Dream (https://app.notion.com/p/Dream-1de52a1550c180a4bc6eee5e921cbc2d?pvs=21),"NT$21,436.00",2024/04/30,
網路費,8097,General (https://app.notion.com/p/General-1fe52a1550c180d89a84f6b6694a42f5?pvs=21),NT$424.00,2024/04/10,
藜伙食,8097,General (https://app.notion.com/p/General-1fe52a1550c180d89a84f6b6694a42f5?pvs=21),"NT$3,000.00",2024/04/10,
Spotify月費,8097,General (https://app.notion.com/p/General-1fe52a1550c180d89a84f6b6694a42f5?pvs=21),NT$99.00,2024/04/10,
哥,6798,General (https://app.notion.com/p/General-1fe52a1550c180d89a84f6b6694a42f5?pvs=21),NT$500.00,2024/04/07,
4週年禮物,52689,Dream (https://app.notion.com/p/Dream-1de52a1550c180a4bc6eee5e921cbc2d?pvs=21),"NT$8,300.00",2024/04/03,
慧通,185756,Investment (https://app.notion.com/p/Investment-1de52a1550c1802c9955ec4b84905202?pvs=21),"NT$9,760.00",2024/04/01,
慧通,332769,Savings (https://app.notion.com/p/Savings-1de52a1550c18029b280dc7d9d36cb03?pvs=21),"NT$3,254.00",2024/04/01,
慧通,1131,Couple's (https://app.notion.com/p/Couple-s-1de52a1550c181d39de7eebc343b38cd?pvs=21),"NT$1,000.00",2024/04/01,
慧通,33107,Fixed (https://app.notion.com/p/Fixed-1de52a1550c180f19995d25cbc6f1038?pvs=21),"NT$9,760.00",2024/04/01,
慧通,9868,General (https://app.notion.com/p/General-1fe52a1550c180d89a84f6b6694a42f5?pvs=21),"NT$5,507.00",2024/04/01,
慧通,70635,Dream (https://app.notion.com/p/Dream-1de52a1550c180a4bc6eee5e921cbc2d?pvs=21),"NT$3,254.00",2024/04/01,
金飾項鍊,67381,Dream (https://app.notion.com/p/Dream-1de52a1550c180a4bc6eee5e921cbc2d?pvs=21),"NT$4,324.00",2024/03/31,
矽統離職金,77451,Dream (https://app.notion.com/p/Dream-1de52a1550c180a4bc6eee5e921cbc2d?pvs=21),"NT$12,152.00",2024/03/29,
矽統離職金,334515,Savings (https://app.notion.com/p/Savings-1de52a1550c18029b280dc7d9d36cb03?pvs=21),"NT$22,500.00",2024/03/29,
矽統離職金,77451,Dream (https://app.notion.com/p/Dream-1de52a1550c180a4bc6eee5e921cbc2d?pvs=21),"NT$80,000.00",2024/03/29,
矽統離職金,334515,Savings (https://app.notion.com/p/Savings-1de52a1550c18029b280dc7d9d36cb03?pvs=21),"NT$40,000.00",2024/03/29,
矽統離職金,175996,Investment (https://app.notion.com/p/Investment-1de52a1550c1802c9955ec4b84905202?pvs=21),"NT$80,000.00",2024/03/29,
矽統,5939,General (https://app.notion.com/p/General-1fe52a1550c180d89a84f6b6694a42f5?pvs=21),"NT$5,507.00",2024/03/29,
矽統,77451,Dream (https://app.notion.com/p/Dream-1de52a1550c180a4bc6eee5e921cbc2d?pvs=21),"NT$3,254.00",2024/03/29,
矽統,31437,Fixed (https://app.notion.com/p/Fixed-1de52a1550c180f19995d25cbc6f1038?pvs=21),"NT$9,760.00",2024/03/29,
矽統,131,Couple's (https://app.notion.com/p/Couple-s-1de52a1550c181d39de7eebc343b38cd?pvs=21),"NT$1,000.00",2024/03/29,
矽統,175996,Investment (https://app.notion.com/p/Investment-1de52a1550c1802c9955ec4b84905202?pvs=21),"NT$9,760.00",2024/03/29,
矽統,334515,Savings (https://app.notion.com/p/Savings-1de52a1550c18029b280dc7d9d36cb03?pvs=21),"NT$3,254.00",2024/03/29,
網路費,14799,General (https://app.notion.com/p/General-1fe52a1550c180d89a84f6b6694a42f5?pvs=21),NT$424.00,2024/03/03,
Spotify月費,14799,General (https://app.notion.com/p/General-1fe52a1550c180d89a84f6b6694a42f5?pvs=21),NT$99.00,2024/03/03,
藜伙食,14799,General (https://app.notion.com/p/General-1fe52a1550c180d89a84f6b6694a42f5?pvs=21),"NT$3,000.00",2024/03/03,
矽統,13014,General (https://app.notion.com/p/General-1fe52a1550c180d89a84f6b6694a42f5?pvs=21),"NT$11,014.00",2024/02/29,
矽統,4964,Dream (https://app.notion.com/p/Dream-1de52a1550c180a4bc6eee5e921cbc2d?pvs=21),"NT$6,507.00",2024/02/29,
矽統,28427,Fixed (https://app.notion.com/p/Fixed-1de52a1550c180f19995d25cbc6f1038?pvs=21),"NT$19,521.00",2024/02/29,
矽統,875,Couple's (https://app.notion.com/p/Couple-s-1de52a1550c181d39de7eebc343b38cd?pvs=21),"NT$2,000.00",2024/02/29,
矽統,237836,Investment (https://app.notion.com/p/Investment-1de52a1550c1802c9955ec4b84905202?pvs=21),"NT$19,521.00",2024/02/29,
矽統,268761,Savings (https://app.notion.com/p/Savings-1de52a1550c18029b280dc7d9d36cb03?pvs=21),"NT$6,507.00",2024/02/29,
遠東禮券,6069,Dream (https://app.notion.com/p/Dream-1de52a1550c180a4bc6eee5e921cbc2d?pvs=21),"NT$1,848.00",2024/02/14,
Costco,-916,General (https://app.notion.com/p/General-1fe52a1550c180d89a84f6b6694a42f5?pvs=21),NT$151.00,2024/02/17,
哥Costco,6211,General (https://app.notion.com/p/General-1fe52a1550c180d89a84f6b6694a42f5?pvs=21),NT$500.00,2024/02/13,
紅包(哥),6195,Dream (https://app.notion.com/p/Dream-1de52a1550c180a4bc6eee5e921cbc2d?pvs=21),"NT$1,000.00",2024/02/09,
打牌,9583,General (https://app.notion.com/p/General-1fe52a1550c180d89a84f6b6694a42f5?pvs=21),"NT$2,300.00",2024/02/08,
發票,8852,General (https://app.notion.com/p/General-1fe52a1550c180d89a84f6b6694a42f5?pvs=21),NT$200.00,2024/02/06,
藜伙食,9482,General (https://app.notion.com/p/General-1fe52a1550c180d89a84f6b6694a42f5?pvs=21),"NT$3,000.00",2024/02/04,
網路費,9482,General (https://app.notion.com/p/General-1fe52a1550c180d89a84f6b6694a42f5?pvs=21),NT$424.00,2024/02/04,
Spotify月費,9482,General (https://app.notion.com/p/General-1fe52a1550c180d89a84f6b6694a42f5?pvs=21),NT$99.00,2024/02/04,
小乖柵欄,9482,General (https://app.notion.com/p/General-1fe52a1550c180d89a84f6b6694a42f5?pvs=21),NT$969.00,2024/02/04,
小乖床頭櫃,16742,Dream (https://app.notion.com/p/Dream-1de52a1550c180a4bc6eee5e921cbc2d?pvs=21),NT$700.00,2024/02/04,
饗AJoy(藜,9482,General (https://app.notion.com/p/General-1fe52a1550c180d89a84f6b6694a42f5?pvs=21),"NT$1,500.00",2024/02/04,
矽統,-1125,Couple's (https://app.notion.com/p/Couple-s-1de52a1550c181d39de7eebc343b38cd?pvs=21),"NT$2,000.00",2024/02/04,
矽統,3676,General (https://app.notion.com/p/General-1fe52a1550c180d89a84f6b6694a42f5?pvs=21),"NT$13,715.00",2024/01/31,
韓國攤銷,9482,General (https://app.notion.com/p/General-1fe52a1550c180d89a84f6b6694a42f5?pvs=21),"NT$3,000.00",2024/02/04,
矽統,262937,Investment (https://app.notion.com/p/Investment-1de52a1550c1802c9955ec4b84905202?pvs=21),"NT$19,521.00",2024/01/31,
矽統,23746,Fixed (https://app.notion.com/p/Fixed-1de52a1550c180f19995d25cbc6f1038?pvs=21),"NT$19,521.00",2024/01/31,
矽統年終,262937,Investment (https://app.notion.com/p/Investment-1de52a1550c1802c9955ec4b84905202?pvs=21),"NT$26,028.00",2024/01/31,
矽統,17458,Dream (https://app.notion.com/p/Dream-1de52a1550c180a4bc6eee5e921cbc2d?pvs=21),"NT$6,507.00",2024/01/31,
矽統年終,17458,Dream (https://app.notion.com/p/Dream-1de52a1550c180a4bc6eee5e921cbc2d?pvs=21),"NT$26,028.00",2024/01/31,
矽統,262254,Savings (https://app.notion.com/p/Savings-1de52a1550c18029b280dc7d9d36cb03?pvs=21),"NT$6,507.00",2024/01/31,
矽統年終,262254,Savings (https://app.notion.com/p/Savings-1de52a1550c18029b280dc7d9d36cb03?pvs=21),"NT$13,014.00",2024/01/31,
矽統,-6236,Couple's (https://app.notion.com/p/Couple-s-1de52a1550c181d39de7eebc343b38cd?pvs=21),"NT$2,000.00",2024/01/02,
網路費,6621,General (https://app.notion.com/p/General-1fe52a1550c180d89a84f6b6694a42f5?pvs=21),NT$424.00,2024/01/02,
Spotify月費,6621,General (https://app.notion.com/p/General-1fe52a1550c180d89a84f6b6694a42f5?pvs=21),NT$99.00,2024/01/02,
藜伙食,6621,General (https://app.notion.com/p/General-1fe52a1550c180d89a84f6b6694a42f5?pvs=21),"NT$3,000.00",2024/01/02,
遠東禮卷,8565,General (https://app.notion.com/p/General-1fe52a1550c180d89a84f6b6694a42f5?pvs=21),"NT$2,000.00",2023/12/30,
哥(姜滿堂),8565,General (https://app.notion.com/p/General-1fe52a1550c180d89a84f6b6694a42f5?pvs=21),NT$800.00,2023/12/30,
矽統,242733,Savings (https://app.notion.com/p/Savings-1de52a1550c18029b280dc7d9d36cb03?pvs=21),"NT$5,693.00",2023/12/29,
矽統,35212,Fixed (https://app.notion.com/p/Fixed-1de52a1550c180f19995d25cbc6f1038?pvs=21),"NT$18,979.00",2023/12/29,
矽統,9850,General (https://app.notion.com/p/General-1fe52a1550c180d89a84f6b6694a42f5?pvs=21),"NT$23,904.00",2023/12/29,
矽統,-8236,Couple's (https://app.notion.com/p/Couple-s-1de52a1550c181d39de7eebc343b38cd?pvs=21),"NT$2,000.00",2023/12/29,
矽統,4199,Dream (https://app.notion.com/p/Dream-1de52a1550c180a4bc6eee5e921cbc2d?pvs=21),"NT$5,422.00",2023/12/29,
矽統,217388,Investment (https://app.notion.com/p/Investment-1de52a1550c1802c9955ec4b84905202?pvs=21),"NT$13,556.00",2023/12/29,
地墊+蛋白粉,-10424,General (https://app.notion.com/p/General-1fe52a1550c180d89a84f6b6694a42f5?pvs=21),"NT$5,460.00",2023/12/27,
銀行,237311,Savings (https://app.notion.com/p/Savings-1de52a1550c18029b280dc7d9d36cb03?pvs=21),NT$830.00,2023/12/21,
萬歲牌總匯點心包*2,-8250,General (https://app.notion.com/p/General-1fe52a1550c180d89a84f6b6694a42f5?pvs=21),"NT$1,000.00",2023/12/23,
銀行,-5876,General (https://app.notion.com/p/General-1fe52a1550c180d89a84f6b6694a42f5?pvs=21),NT$97.00,2023/12/20,
銀行,-13236,Couple's (https://app.notion.com/p/Couple-s-1de52a1550c181d39de7eebc343b38cd?pvs=21),NT$3.00,2023/12/20,
銀行,1777,Dream (https://app.notion.com/p/Dream-1de52a1550c180a4bc6eee5e921cbc2d?pvs=21),NT$18.00,2023/12/20,
銀行,16233,Fixed (https://app.notion.com/p/Fixed-1de52a1550c180f19995d25cbc6f1038?pvs=21),NT$23.00,2023/12/20,
銀行,203832,Investment (https://app.notion.com/p/Investment-1de52a1550c1802c9955ec4b84905202?pvs=21),NT$469.00,2023/12/20,
矽統,6759,Dream (https://app.notion.com/p/Dream-1de52a1550c180a4bc6eee5e921cbc2d?pvs=21),"NT$5,423.00",2023/11/30,
矽統,16210,Fixed (https://app.notion.com/p/Fixed-1de52a1550c180f19995d25cbc6f1038?pvs=21),"NT$18,979.00",2023/11/30,
矽統,8976,Couple's (https://app.notion.com/p/Couple-s-1de52a1550c181d39de7eebc343b38cd?pvs=21),"NT$2,000.00",2023/11/30,
矽統,203363,Investment (https://app.notion.com/p/Investment-1de52a1550c1802c9955ec4b84905202?pvs=21),"NT$13,556.00",2023/11/30,
矽統,236481,Savings (https://app.notion.com/p/Savings-1de52a1550c18029b280dc7d9d36cb03?pvs=21),"NT$5,422.00",2023/11/30,
11月薪水,19686,General (https://app.notion.com/p/General-1fe52a1550c180d89a84f6b6694a42f5?pvs=21),"NT$8,845.00",2023/11/30,
[韓國]共同帳戶,6976,Couple's (https://app.notion.com/p/Couple-s-1de52a1550c181d39de7eebc343b38cd?pvs=21),"NT$3,156.00",2023/11/29,
[韓國]代墊,24505,General (https://app.notion.com/p/General-1fe52a1550c180d89a84f6b6694a42f5?pvs=21),"NT$21,548.00",2023/11/29,
代墊,30323,General (https://app.notion.com/p/General-1fe52a1550c180d89a84f6b6694a42f5?pvs=21),"NT$1,000.00",2023/11/04,
中華電信網路費,30323,General (https://app.notion.com/p/General-1fe52a1550c180d89a84f6b6694a42f5?pvs=21),NT$424.00,2023/11/04,
Spotify月費,30323,General (https://app.notion.com/p/General-1fe52a1550c180d89a84f6b6694a42f5?pvs=21),NT$99.00,2023/11/04,
平日伙食費,30323,General (https://app.notion.com/p/General-1fe52a1550c180d89a84f6b6694a42f5?pvs=21),"NT$3,000.00",2023/11/04,
矽統,3256,Dream (https://app.notion.com/p/Dream-1de52a1550c180a4bc6eee5e921cbc2d?pvs=21),"NT$2,711.00",2023/10/31,
矽統,5321,Fixed (https://app.notion.com/p/Fixed-1de52a1550c180f19995d25cbc6f1038?pvs=21),"NT$13,556.00",2023/10/31,
矽統,4960,Couple's (https://app.notion.com/p/Couple-s-1de52a1550c181d39de7eebc343b38cd?pvs=21),"NT$2,000.00",2023/10/31,
矽統,189807,Investment (https://app.notion.com/p/Investment-1de52a1550c1802c9955ec4b84905202?pvs=21),"NT$13,556.00",2023/10/31,
矽統,231059,Savings (https://app.notion.com/p/Savings-1de52a1550c18029b280dc7d9d36cb03?pvs=21),"NT$5,423.00",2023/10/31,
10月薪水,29087,General (https://app.notion.com/p/General-1fe52a1550c180d89a84f6b6694a42f5?pvs=21),"NT$11,694.00",2023/10/31,
代墊,30679,General (https://app.notion.com/p/General-1fe52a1550c180d89a84f6b6694a42f5?pvs=21),"NT$1,000.00",2023/10/10,
10月薪水,29087,General (https://app.notion.com/p/General-1fe52a1550c180d89a84f6b6694a42f5?pvs=21),"NT$16,979.00",2023/10/31,
中華電信網路費,30679,General (https://app.notion.com/p/General-1fe52a1550c180d89a84f6b6694a42f5?pvs=21),NT$424.00,2023/10/10,
平日伙食費,30679,General (https://app.notion.com/p/General-1fe52a1550c180d89a84f6b6694a42f5?pvs=21),"NT$3,000.00",2023/10/10,
Spotify月費,30679,General (https://app.notion.com/p/General-1fe52a1550c180d89a84f6b6694a42f5?pvs=21),NT$99.00,2023/10/10,
媽Costco,27737,General (https://app.notion.com/p/General-1fe52a1550c180d89a84f6b6694a42f5?pvs=21),"NT$3,000.00",2023/10/09,
哥Costco,27737,General (https://app.notion.com/p/General-1fe52a1550c180d89a84f6b6694a42f5?pvs=21),"NT$1,044.00",2023/10/09,
矽統,4404,Dream (https://app.notion.com/p/Dream-1de52a1550c180a4bc6eee5e921cbc2d?pvs=21),"NT$2,606.00",2023/09/28,
矽統,1945,Fixed (https://app.notion.com/p/Fixed-1de52a1550c180f19995d25cbc6f1038?pvs=21),"NT$13,031.00",2023/09/28,
矽統,5085,Couple's (https://app.notion.com/p/Couple-s-1de52a1550c181d39de7eebc343b38cd?pvs=21),"NT$2,000.00",2023/09/28,
矽統,225636,Savings (https://app.notion.com/p/Savings-1de52a1550c18029b280dc7d9d36cb03?pvs=21),"NT$5,212.00",2023/09/28,
矽統,176251,Investment (https://app.notion.com/p/Investment-1de52a1550c1802c9955ec4b84905202?pvs=21),"NT$13,031.00",2023/09/28,
9月薪水,37091,General (https://app.notion.com/p/General-1fe52a1550c180d89a84f6b6694a42f5?pvs=21),"NT$17,351.00",2023/09/28,
9月薪水,37091,General (https://app.notion.com/p/General-1fe52a1550c180d89a84f6b6694a42f5?pvs=21),"NT$32,465.00",2023/09/28,
遠東禮卷,6445,General (https://app.notion.com/p/General-1fe52a1550c180d89a84f6b6694a42f5?pvs=21),"NT$1,100.00",2023/09/07,
小乖住宿/美容代墊,12774,General (https://app.notion.com/p/General-1fe52a1550c180d89a84f6b6694a42f5?pvs=21),"NT$1,300.00",2023/09/02,
Spotify月費,12774,General (https://app.notion.com/p/General-1fe52a1550c180d89a84f6b6694a42f5?pvs=21),NT$99.00,2023/09/02,
中華電信網路費,12774,General (https://app.notion.com/p/General-1fe52a1550c180d89a84f6b6694a42f5?pvs=21),NT$424.00,2023/09/02,
平日伙食費,12774,General (https://app.notion.com/p/General-1fe52a1550c180d89a84f6b6694a42f5?pvs=21),"NT$3,000.00",2023/09/02,
矽統,1798,Dream (https://app.notion.com/p/Dream-1de52a1550c180a4bc6eee5e921cbc2d?pvs=21),"NT$2,606.00",2023/08/31,
矽統,3785,Couple's (https://app.notion.com/p/Couple-s-1de52a1550c181d39de7eebc343b38cd?pvs=21),"NT$2,000.00",2023/08/31,
矽統,8655,Fixed (https://app.notion.com/p/Fixed-1de52a1550c180f19995d25cbc6f1038?pvs=21),"NT$11,031.00",2023/08/31,
矽統,163220,Investment (https://app.notion.com/p/Investment-1de52a1550c1802c9955ec4b84905202?pvs=21),"NT$13,031.00",2023/08/31,
8月薪水,8305,General (https://app.notion.com/p/General-1fe52a1550c180d89a84f6b6694a42f5?pvs=21),"NT$22,104.00",2023/08/31,
矽統,220424,Savings (https://app.notion.com/p/Savings-1de52a1550c18029b280dc7d9d36cb03?pvs=21),"NT$5,212.00",2023/08/31,
汽車加油代墊,-11966,General (https://app.notion.com/p/General-1fe52a1550c180d89a84f6b6694a42f5?pvs=21),"NT$3,000.00",2023/08/27,
Costco代墊,-11966,General (https://app.notion.com/p/General-1fe52a1550c180d89a84f6b6694a42f5?pvs=21),"NT$6,000.00",2023/08/27,
Spotify月費,22533,General (https://app.notion.com/p/General-1fe52a1550c180d89a84f6b6694a42f5?pvs=21),NT$99.00,2023/08/01,
中華電信網路費,22533,General (https://app.notion.com/p/General-1fe52a1550c180d89a84f6b6694a42f5?pvs=21),NT$424.00,2023/08/01,
平日伙食費,22533,General (https://app.notion.com/p/General-1fe52a1550c180d89a84f6b6694a42f5?pvs=21),"NT$3,000.00",2023/08/01,
理髮代墊,22533,General (https://app.notion.com/p/General-1fe52a1550c180d89a84f6b6694a42f5?pvs=21),"NT$1,529.00",2023/08/01,
矽統,6201,Dream (https://app.notion.com/p/Dream-1de52a1550c180a4bc6eee5e921cbc2d?pvs=21),"NT$2,606.00",2023/07/31,
矽統,13457,Fixed (https://app.notion.com/p/Fixed-1de52a1550c180f19995d25cbc6f1038?pvs=21),"NT$13,031.00",2023/07/31,
矽統,3266,Couple's (https://app.notion.com/p/Couple-s-1de52a1550c181d39de7eebc343b38cd?pvs=21),"NT$2,000.00",2023/07/31,
矽統,150189,Investment (https://app.notion.com/p/Investment-1de52a1550c1802c9955ec4b84905202?pvs=21),"NT$13,031.00",2023/07/31,
矽統,215212,Savings (https://app.notion.com/p/Savings-1de52a1550c18029b280dc7d9d36cb03?pvs=21),"NT$5,212.00",2023/07/31,
蘭花代墊,100,General (https://app.notion.com/p/General-1fe52a1550c180d89a84f6b6694a42f5?pvs=21),"NT$1,440.00",2023/07/23,
7月薪水,17945,General (https://app.notion.com/p/General-1fe52a1550c180d89a84f6b6694a42f5?pvs=21),"NT$22,689.00",2023/07/31,
鞋子代墊,17699,General (https://app.notion.com/p/General-1fe52a1550c180d89a84f6b6694a42f5?pvs=21),"NT$1,000.00",2023/07/10,
台北晚餐代墊,17699,General (https://app.notion.com/p/General-1fe52a1550c180d89a84f6b6694a42f5?pvs=21),NT$800.00,2023/07/10,
衛生棉條代墊,16890,General (https://app.notion.com/p/General-1fe52a1550c180d89a84f6b6694a42f5?pvs=21),"NT$1,116.00",2023/07/09,
Spotify月費,16890,General (https://app.notion.com/p/General-1fe52a1550c180d89a84f6b6694a42f5?pvs=21),NT$99.00,2023/07/09,
中華電信網路費,16890,General (https://app.notion.com/p/General-1fe52a1550c180d89a84f6b6694a42f5?pvs=21),NT$424.00,2023/07/09,
平日伙食費,16890,General (https://app.notion.com/p/General-1fe52a1550c180d89a84f6b6694a42f5?pvs=21),"NT$3,000.00",2023/07/09,
Consumption_Init,15635,General (https://app.notion.com/p/General-1fe52a1550c180d89a84f6b6694a42f5?pvs=21),"NT$42,260.00",2023/07/02,
矽統,2000,Couple's (https://app.notion.com/p/Couple-s-1de52a1550c181d39de7eebc343b38cd?pvs=21),"NT$2,000.00",2023/06/30,
牙醫代墊,796,General (https://app.notion.com/p/General-1fe52a1550c180d89a84f6b6694a42f5?pvs=21),"NT$1,000.00",2023/06/28,
慧通,338970,Investment (https://app.notion.com/p/Investment-1de52a1550c1802c9955ec4b84905202?pvs=21),"NT$17,569.00",2025/05/02,
慧通,45637,Fixed (https://app.notion.com/p/Fixed-1de52a1550c180f19995d25cbc6f1038?pvs=21),"NT$21,473.00",2025/05/02   (GMT+8),
"慧通 ",20944,General (https://app.notion.com/p/General-1fe52a1550c180d89a84f6b6694a42f5?pvs=21),"NT$15,014.00",2025/05/02   (GMT+8),
"慧通 ",-45097,Dream (https://app.notion.com/p/Dream-1de52a1550c180a4bc6eee5e921cbc2d?pvs=21),"NT$6,507.00",2025/05/02   (GMT+8),
"慧通 ",346028,Savings (https://app.notion.com/p/Savings-1de52a1550c18029b280dc7d9d36cb03?pvs=21),"NT$4,507.00",2025/05/02   (GMT+8),
藜,2617,Couple's (https://app.notion.com/p/Couple-s-1de52a1550c181d39de7eebc343b38cd?pvs=21),"NT$2,000.00",2025/05/03,
藜,23854,General (https://app.notion.com/p/General-1fe52a1550c180d89a84f6b6694a42f5?pvs=21),"NT$3,000.00",2025/05/03   (GMT+8),伙食費
藜,-46422,Dream (https://app.notion.com/p/Dream-1de52a1550c180a4bc6eee5e921cbc2d?pvs=21),NT$424.00,2025/05/03   (GMT+8),網路費
藜,23953,General (https://app.notion.com/p/General-1fe52a1550c180d89a84f6b6694a42f5?pvs=21),NT$99.00,2025/05/03   (GMT+8),Spotify
"慧通 ",13691,General (https://app.notion.com/p/General-1fe52a1550c180d89a84f6b6694a42f5?pvs=21),"NT$15,014.00",2025/06/01   (GMT+8),
"慧通 ",-16099,Dream (https://app.notion.com/p/Dream-1de52a1550c180a4bc6eee5e921cbc2d?pvs=21),"NT$6,507.00",2025/06/01   (GMT+8),
"慧通 ",350535,Savings (https://app.notion.com/p/Savings-1de52a1550c18029b280dc7d9d36cb03?pvs=21),"NT$4,507.00",2025/06/01   (GMT+8),
藜,15925,General (https://app.notion.com/p/General-1fe52a1550c180d89a84f6b6694a42f5?pvs=21),"NT$3,000.00",2025/06/03   (GMT+8),伙食費
藜,-16000,Dream (https://app.notion.com/p/Dream-1de52a1550c180a4bc6eee5e921cbc2d?pvs=21),NT$99.00,2025/06/03   (GMT+8),Spotify
慧通,49827,Fixed (https://app.notion.com/p/Fixed-1de52a1550c180f19995d25cbc6f1038?pvs=21),"NT$21,473.00",2025/06/01   (GMT+8),
慧通,288433,Investment (https://app.notion.com/p/Investment-1de52a1550c1802c9955ec4b84905202?pvs=21),"NT$17,569.00",2025/06/01   (GMT+8),
藜,2774,Couple's (https://app.notion.com/p/Couple-s-1de52a1550c181d39de7eebc343b38cd?pvs=21),"NT$2,000.00",2025/06/03,
藜,-15576,Dream (https://app.notion.com/p/Dream-1de52a1550c180a4bc6eee5e921cbc2d?pvs=21),NT$424.00,2025/06/03   (GMT+8),Spotify
慧通,22202,Fixed (https://app.notion.com/p/Fixed-1de52a1550c180f19995d25cbc6f1038?pvs=21),"NT$21,473.00",2025/07/01   (GMT+8),
"慧通 ",10695,General (https://app.notion.com/p/General-1fe52a1550c180d89a84f6b6694a42f5?pvs=21),"NT$15,014.00",2025/07/01   (GMT+8),
"慧通 ",-3116,Dream (https://app.notion.com/p/Dream-1de52a1550c180a4bc6eee5e921cbc2d?pvs=21),"NT$6,507.00",2025/07/01   (GMT+8),
慧通,306002,Investment (https://app.notion.com/p/Investment-1de52a1550c1802c9955ec4b84905202?pvs=21),"NT$17,569.00",2025/07/01   (GMT+8),
"慧通 ",355042,Savings (https://app.notion.com/p/Savings-1de52a1550c18029b280dc7d9d36cb03?pvs=21),"NT$4,507.00",2025/07/01   (GMT+8),
藜,-2976,Couple's (https://app.notion.com/p/Couple-s-1de52a1550c181d39de7eebc343b38cd?pvs=21),"NT$2,000.00",2025/07/03,
藜,-2593,Dream (https://app.notion.com/p/Dream-1de52a1550c180a4bc6eee5e921cbc2d?pvs=21),NT$99.00,2025/07/03   (GMT+8),Spotify
藜,12877,General (https://app.notion.com/p/General-1fe52a1550c180d89a84f6b6694a42f5?pvs=21),"NT$3,000.00",2025/07/03   (GMT+8),伙食費
藜,-2593,Dream (https://app.notion.com/p/Dream-1de52a1550c180a4bc6eee5e921cbc2d?pvs=21),NT$424.00,2025/07/03   (GMT+8),Spotify
慧通,-22606,Dream (https://app.notion.com/p/Dream-1de52a1550c180a4bc6eee5e921cbc2d?pvs=21),"NT$32,535.00",2025/06/01,
慧通,-22606,Dream (https://app.notion.com/p/Dream-1de52a1550c180a4bc6eee5e921cbc2d?pvs=21),"NT$3,532.00",2025/06/01,
"慧通 ",-9623,Dream (https://app.notion.com/p/Dream-1de52a1550c180a4bc6eee5e921cbc2d?pvs=21),"NT$9,141.00",2025/07/01,
媽,-1757,Dream (https://app.notion.com/p/Dream-1de52a1550c180a4bc6eee5e921cbc2d?pvs=21),"NT$2,500.00",2025/07/05,
慧通,273571,Investment (https://app.notion.com/p/Investment-1de52a1550c1802c9955ec4b84905202?pvs=21),"NT$17,569.00",2025/08/01   (GMT+8),
"慧通 ",12519,General (https://app.notion.com/p/General-1fe52a1550c180d89a84f6b6694a42f5?pvs=21),"NT$15,014.00",2025/08/01   (GMT+8),
"慧通 ",312134,Savings (https://app.notion.com/p/Savings-1de52a1550c18029b280dc7d9d36cb03?pvs=21),"NT$4,507.00",2025/08/01   (GMT+8),
慧通,25517,Fixed (https://app.notion.com/p/Fixed-1de52a1550c180f19995d25cbc6f1038?pvs=21),"NT$21,473.00",2025/08/01   (GMT+8),
"慧通 ",-2808,Dream (https://app.notion.com/p/Dream-1de52a1550c180a4bc6eee5e921cbc2d?pvs=21),"NT$6,507.00",2025/08/01   (GMT+8),
藜,-1628,Couple's (https://app.notion.com/p/Couple-s-1de52a1550c181d39de7eebc343b38cd?pvs=21),"NT$2,000.00",2025/08/03,
藜,14016,General (https://app.notion.com/p/General-1fe52a1550c180d89a84f6b6694a42f5?pvs=21),"NT$3,000.00",2025/08/03   (GMT+8),伙食費
藜,-2285,Dream (https://app.notion.com/p/Dream-1de52a1550c180a4bc6eee5e921cbc2d?pvs=21),NT$99.00,2025/08/03   (GMT+8),Spotify
藜,-2285,Dream (https://app.notion.com/p/Dream-1de52a1550c180a4bc6eee5e921cbc2d?pvs=21),NT$424.00,2025/08/03   (GMT+8),Spotify
"慧通 ",315141,Savings (https://app.notion.com/p/Savings-1de52a1550c18029b280dc7d9d36cb03?pvs=21),"NT$4,507.00",2025/09/01   (GMT+8),
"慧通 ",7388,General (https://app.notion.com/p/General-1fe52a1550c180d89a84f6b6694a42f5?pvs=21),"NT$15,014.00",2025/09/01   (GMT+8),
"慧通 ",-21385,Dream (https://app.notion.com/p/Dream-1de52a1550c180a4bc6eee5e921cbc2d?pvs=21),"NT$6,507.00",2025/09/01   (GMT+8),
慧通,36262,Fixed (https://app.notion.com/p/Fixed-1de52a1550c180f19995d25cbc6f1038?pvs=21),"NT$21,473.00",2025/09/01   (GMT+8),
慧通,291140,Investment (https://app.notion.com/p/Investment-1de52a1550c1802c9955ec4b84905202?pvs=21),"NT$17,569.00",2025/09/01   (GMT+8),
藜,1452,Couple's (https://app.notion.com/p/Couple-s-1de52a1550c181d39de7eebc343b38cd?pvs=21),"NT$2,000.00",2025/09/03,
藜,-19799,Dream (https://app.notion.com/p/Dream-1de52a1550c180a4bc6eee5e921cbc2d?pvs=21),NT$99.00,2025/09/03   (GMT+8),Spotify
藜,9859,General (https://app.notion.com/p/General-1fe52a1550c180d89a84f6b6694a42f5?pvs=21),"NT$3,000.00",2025/09/03   (GMT+8),伙食費
藜,-19799,Dream (https://app.notion.com/p/Dream-1de52a1550c180a4bc6eee5e921cbc2d?pvs=21),NT$424.00,2025/09/03   (GMT+8),Spotify
"慧通 ",321648,Savings (https://app.notion.com/p/Savings-1de52a1550c18029b280dc7d9d36cb03?pvs=21),"NT$4,507.00",2025/10/01   (GMT+8),
"慧通 ",5849,General (https://app.notion.com/p/General-1fe52a1550c180d89a84f6b6694a42f5?pvs=21),"NT$15,014.00",2025/10/01   (GMT+8),
"慧通 ",-21356,Dream (https://app.notion.com/p/Dream-1de52a1550c180a4bc6eee5e921cbc2d?pvs=21),"NT$6,507.00",2025/10/01   (GMT+8),
慧通,26016,Fixed (https://app.notion.com/p/Fixed-1de52a1550c180f19995d25cbc6f1038?pvs=21),"NT$21,473.00",2025/10/01   (GMT+8),
慧通,308709,Investment (https://app.notion.com/p/Investment-1de52a1550c1802c9955ec4b84905202?pvs=21),"NT$17,569.00",2025/10/01,
慧通,16200,General (https://app.notion.com/p/General-1fe52a1550c180d89a84f6b6694a42f5?pvs=21),"NT$10,721.00",2025/10/02   (GMT+8),
慧通,458,Dream (https://app.notion.com/p/Dream-1de52a1550c180a4bc6eee5e921cbc2d?pvs=21),"NT$21,814.00",2025/10/02   (GMT+8),
藜,3784,Couple's (https://app.notion.com/p/Couple-s-1de52a1550c181d39de7eebc343b38cd?pvs=21),"NT$2,000.00",2025/10/03,
藜,-1999,Dream (https://app.notion.com/p/Dream-1de52a1550c180a4bc6eee5e921cbc2d?pvs=21),NT$99.00,2025/10/03   (GMT+8),Spotify
藜,19015,General (https://app.notion.com/p/General-1fe52a1550c180d89a84f6b6694a42f5?pvs=21),"NT$3,000.00",2025/10/03   (GMT+8),伙食費
藜,-1999,Dream (https://app.notion.com/p/Dream-1de52a1550c180a4bc6eee5e921cbc2d?pvs=21),NT$424.00,2025/10/03   (GMT+8),Spotify
"慧通 ",-12596,Dream (https://app.notion.com/p/Dream-1de52a1550c180a4bc6eee5e921cbc2d?pvs=21),"NT$6,507.00",2025/11/01   (GMT+8),
"慧通 ",323157,Savings (https://app.notion.com/p/Savings-1de52a1550c18029b280dc7d9d36cb03?pvs=21),"NT$4,507.00",2025/11/01   (GMT+8),
慧通,326278,Investment (https://app.notion.com/p/Investment-1de52a1550c1802c9955ec4b84905202?pvs=21),"NT$17,569.00",2025/11/01   (GMT+8),
"慧通 ",11507,General (https://app.notion.com/p/General-1fe52a1550c180d89a84f6b6694a42f5?pvs=21),"NT$15,014.00",2025/11/01   (GMT+8),
慧通,29511,Fixed (https://app.notion.com/p/Fixed-1de52a1550c180f19995d25cbc6f1038?pvs=21),"NT$21,473.00",2025/11/01   (GMT+8),
藜,6684,Couple's (https://app.notion.com/p/Couple-s-1de52a1550c181d39de7eebc343b38cd?pvs=21),"NT$2,000.00",2025/11/03,
藜,-12073,Dream (https://app.notion.com/p/Dream-1de52a1550c180a4bc6eee5e921cbc2d?pvs=21),NT$424.00,2025/11/03   (GMT+8),Spotify
藜,-12073,Dream (https://app.notion.com/p/Dream-1de52a1550c180a4bc6eee5e921cbc2d?pvs=21),NT$99.00,2025/11/03   (GMT+8),Spotify
藜,12642,General (https://app.notion.com/p/General-1fe52a1550c180d89a84f6b6694a42f5?pvs=21),"NT$3,000.00",2025/11/03   (GMT+8),伙食費
普發,-5874,Dream (https://app.notion.com/p/Dream-1de52a1550c180a4bc6eee5e921cbc2d?pvs=21),"NT$10,000.00",2025/11/13,
"慧通 ",326164,Savings (https://app.notion.com/p/Savings-1de52a1550c18029b280dc7d9d36cb03?pvs=21),"NT$4,507.00",2025/12/01   (GMT+8),
慧通,33006,Fixed (https://app.notion.com/p/Fixed-1de52a1550c180f19995d25cbc6f1038?pvs=21),"NT$21,473.00",2025/12/01   (GMT+8),
"慧通 ",13969,General (https://app.notion.com/p/General-1fe52a1550c180d89a84f6b6694a42f5?pvs=21),"NT$15,014.00",2025/12/01   (GMT+8),
"慧通 ",-3493,Dream (https://app.notion.com/p/Dream-1de52a1550c180a4bc6eee5e921cbc2d?pvs=21),"NT$6,507.00",2025/12/01   (GMT+8),
慧通,343847,Investment (https://app.notion.com/p/Investment-1de52a1550c1802c9955ec4b84905202?pvs=21),"NT$17,569.00",2025/12/01   (GMT+8),
慧通,-3493,Dream (https://app.notion.com/p/Dream-1de52a1550c180a4bc6eee5e921cbc2d?pvs=21),"NT$5,792.00",2025/12/01   (GMT+8),10月加班
藜,7834,Couple's (https://app.notion.com/p/Couple-s-1de52a1550c181d39de7eebc343b38cd?pvs=21),"NT$2,000.00",2025/12/03,
藜,-2970,Dream (https://app.notion.com/p/Dream-1de52a1550c180a4bc6eee5e921cbc2d?pvs=21),NT$99.00,2025/12/03   (GMT+8),Spotify
藜,16535,General (https://app.notion.com/p/General-1fe52a1550c180d89a84f6b6694a42f5?pvs=21),"NT$3,000.00",2025/12/03   (GMT+8),伙食費
藜,-2970,Dream (https://app.notion.com/p/Dream-1de52a1550c180a4bc6eee5e921cbc2d?pvs=21),NT$424.00,2025/12/03   (GMT+8),Spotify
媽,-1650,Dream (https://app.notion.com/p/Dream-1de52a1550c180a4bc6eee5e921cbc2d?pvs=21),"NT$2,600.00",2025/12/06,台北之旅司機
"慧通 ",331051,Savings (https://app.notion.com/p/Savings-1de52a1550c18029b280dc7d9d36cb03?pvs=21),"NT$4,507.00",2026/01/01   (GMT+8),
"慧通 ",15612,General (https://app.notion.com/p/General-1fe52a1550c180d89a84f6b6694a42f5?pvs=21),"NT$15,014.00",2026/01/01   (GMT+8),
慧通,36501,Fixed (https://app.notion.com/p/Fixed-1de52a1550c180f19995d25cbc6f1038?pvs=21),"NT$21,473.00",2026/01/01   (GMT+8),
慧通,361416,Investment (https://app.notion.com/p/Investment-1de52a1550c1802c9955ec4b84905202?pvs=21),"NT$17,569.00",2026/01/01   (GMT+8),
"慧通 ",-59675,Dream (https://app.notion.com/p/Dream-1de52a1550c180a4bc6eee5e921cbc2d?pvs=21),"NT$6,507.00",2026/01/01   (GMT+8),
藜,228,Couple's (https://app.notion.com/p/Couple-s-1de52a1550c181d39de7eebc343b38cd?pvs=21),"NT$2,000.00",2026/01/13,
藜,-82813,Dream (https://app.notion.com/p/Dream-1de52a1550c180a4bc6eee5e921cbc2d?pvs=21),NT$424.00,2026/01/13   (GMT+8),Spotify
藜,-82813,Dream (https://app.notion.com/p/Dream-1de52a1550c180a4bc6eee5e921cbc2d?pvs=21),NT$99.00,2026/01/13   (GMT+8),Spotify
藜,4230,General (https://app.notion.com/p/General-1fe52a1550c180d89a84f6b6694a42f5?pvs=21),"NT$3,000.00",2026/01/13   (GMT+8),伙食費
藜,-1616,Dream (https://app.notion.com/p/Dream-1de52a1550c180a4bc6eee5e921cbc2d?pvs=21),"NT$18,000.00",2025/12/28   (GMT+8),
哥,-107244,Dream (https://app.notion.com/p/Dream-1de52a1550c180a4bc6eee5e921cbc2d?pvs=21),"NT$2,000.00",2026/01/05,
媽,-107244,Dream (https://app.notion.com/p/Dream-1de52a1550c180a4bc6eee5e921cbc2d?pvs=21),"NT$3,000.00",2026/01/05,
慧通,-66588,Dream (https://app.notion.com/p/Dream-1de52a1550c180a4bc6eee5e921cbc2d?pvs=21),"NT$14,665.00",2026/01/02   (GMT+8),11月加班
藜,-82813,Dream (https://app.notion.com/p/Dream-1de52a1550c180a4bc6eee5e921cbc2d?pvs=21),"NT$5,000.00",2026/01/13   (GMT+8),
爸,-107244,Dream (https://app.notion.com/p/Dream-1de52a1550c180a4bc6eee5e921cbc2d?pvs=21),"NT$2,500.00",2026/01/05,
,0,,,,
哥,-83693,Dream (https://app.notion.com/p/Dream-1de52a1550c180a4bc6eee5e921cbc2d?pvs=21),"NT$4,000.00",2026/01/18,
媽,-83693,Dream (https://app.notion.com/p/Dream-1de52a1550c180a4bc6eee5e921cbc2d?pvs=21),"NT$2,000.00",2026/01/18,
媽,-83693,Dream (https://app.notion.com/p/Dream-1de52a1550c180a4bc6eee5e921cbc2d?pvs=21),"NT$3,000.00",2026/01/18,
慧通,39950,Fixed (https://app.notion.com/p/Fixed-1de52a1550c180f19995d25cbc6f1038?pvs=21),"NT$21,473.00",2026/02/01   (GMT+8),
"慧通 ",337558,Savings (https://app.notion.com/p/Savings-1de52a1550c18029b280dc7d9d36cb03?pvs=21),"NT$4,507.00",2026/02/01   (GMT+8),
慧通,328985,Investment (https://app.notion.com/p/Investment-1de52a1550c1802c9955ec4b84905202?pvs=21),"NT$17,569.00",2026/02/01   (GMT+8),
"慧通 ",-7314,Dream (https://app.notion.com/p/Dream-1de52a1550c180a4bc6eee5e921cbc2d?pvs=21),"NT$6,507.00",2026/02/01   (GMT+8),
"慧通 ",11302,General (https://app.notion.com/p/General-1fe52a1550c180d89a84f6b6694a42f5?pvs=21),"NT$15,014.00",2026/02/01   (GMT+8),
慧通,-7314,Dream (https://app.notion.com/p/Dream-1de52a1550c180a4bc6eee5e921cbc2d?pvs=21),"NT$65,070.00",2026/02/01   (GMT+8),年終獎金
慧通,-7314,Dream (https://app.notion.com/p/Dream-1de52a1550c180a4bc6eee5e921cbc2d?pvs=21),"NT$8,510.00",2026/02/01   (GMT+8),年終獎金
國泰小數點,-1314,Dream (https://app.notion.com/p/Dream-1de52a1550c180a4bc6eee5e921cbc2d?pvs=21),"NT$5,000.00",2026/02/03   (GMT+8),年終獎金
藜,2714,Couple's (https://app.notion.com/p/Couple-s-1de52a1550c181d39de7eebc343b38cd?pvs=21),"NT$2,000.00",2026/02/03,
藜,14227,General (https://app.notion.com/p/General-1fe52a1550c180d89a84f6b6694a42f5?pvs=21),"NT$3,000.00",2026/02/03   (GMT+8),伙食費
藜,-791,Dream (https://app.notion.com/p/Dream-1de52a1550c180a4bc6eee5e921cbc2d?pvs=21),NT$424.00,2026/02/03   (GMT+8),Spotify
藜,-791,Dream (https://app.notion.com/p/Dream-1de52a1550c180a4bc6eee5e921cbc2d?pvs=21),NT$99.00,2026/02/03   (GMT+8),Spotify
國泰小數點,-9325,Dream (https://app.notion.com/p/Dream-1de52a1550c180a4bc6eee5e921cbc2d?pvs=21),"NT$9,000.00",2026/03/01   (GMT+8),年終獎金
慧通,-1314,Dream (https://app.notion.com/p/Dream-1de52a1550c180a4bc6eee5e921cbc2d?pvs=21),"NT$1,000.00",2026/02/03,尾牙中獎
哥,-19956,Dream (https://app.notion.com/p/Dream-1de52a1550c180a4bc6eee5e921cbc2d?pvs=21),"NT$2,000.00",2026/02/16,
贏錢,-20706,Dream (https://app.notion.com/p/Dream-1de52a1550c180a4bc6eee5e921cbc2d?pvs=21),NT$600.00,2026/02/17,
"慧通 ",11651,General (https://app.notion.com/p/General-1fe52a1550c180d89a84f6b6694a42f5?pvs=21),"NT$15,014.00",2026/03/01   (GMT+8),
"慧通 ",342615,Savings (https://app.notion.com/p/Savings-1de52a1550c18029b280dc7d9d36cb03?pvs=21),"NT$4,507.00",2026/03/01   (GMT+8),
慧通,346554,Investment (https://app.notion.com/p/Investment-1de52a1550c1802c9955ec4b84905202?pvs=21),"NT$17,569.00",2026/03/01   (GMT+8),
慧通,43399,Fixed (https://app.notion.com/p/Fixed-1de52a1550c180f19995d25cbc6f1038?pvs=21),"NT$21,473.00",2026/03/01   (GMT+8),
"慧通 ",-9325,Dream (https://app.notion.com/p/Dream-1de52a1550c180a4bc6eee5e921cbc2d?pvs=21),"NT$6,507.00",2026/03/01   (GMT+8),
藜,3586,Couple's (https://app.notion.com/p/Couple-s-1de52a1550c181d39de7eebc343b38cd?pvs=21),"NT$2,000.00",2026/03/03,
藜,-14322,Dream (https://app.notion.com/p/Dream-1de52a1550c180a4bc6eee5e921cbc2d?pvs=21),NT$424.00,2026/03/03   (GMT+8),Spotify
藜,-14322,Dream (https://app.notion.com/p/Dream-1de52a1550c180a4bc6eee5e921cbc2d?pvs=21),NT$99.00,2026/03/03   (GMT+8),Spotify
藜,14651,General (https://app.notion.com/p/General-1fe52a1550c180d89a84f6b6694a42f5?pvs=21),"NT$3,000.00",2026/03/03   (GMT+8),伙食費
哥,-14731,Dream (https://app.notion.com/p/Dream-1de52a1550c180a4bc6eee5e921cbc2d?pvs=21),"NT$2,000.00",2026/03/07,
"慧通 ",-4361,Dream (https://app.notion.com/p/Dream-1de52a1550c180a4bc6eee5e921cbc2d?pvs=21),"NT$6,507.00",2026/04/01   (GMT+8),
慧通,46848,Fixed (https://app.notion.com/p/Fixed-1de52a1550c180f19995d25cbc6f1038?pvs=21),"NT$21,473.00",2026/04/01   (GMT+8),
"慧通 ",339832,Savings (https://app.notion.com/p/Savings-1de52a1550c18029b280dc7d9d36cb03?pvs=21),"NT$4,507.00",2026/04/01   (GMT+8),
慧通,364123,Investment (https://app.notion.com/p/Investment-1de52a1550c1802c9955ec4b84905202?pvs=21),"NT$17,569.00",2026/04/01   (GMT+8),
"慧通 ",10963,General (https://app.notion.com/p/General-1fe52a1550c180d89a84f6b6694a42f5?pvs=21),"NT$15,014.00",2026/04/01   (GMT+8),
藜,-414,Couple's (https://app.notion.com/p/Couple-s-1de52a1550c181d39de7eebc343b38cd?pvs=21),"NT$2,000.00",2026/04/03,
藜,10277,General (https://app.notion.com/p/General-1fe52a1550c180d89a84f6b6694a42f5?pvs=21),"NT$3,000.00",2026/04/03   (GMT+8),伙食費
藜,-4295,Dream (https://app.notion.com/p/Dream-1de52a1550c180a4bc6eee5e921cbc2d?pvs=21),NT$99.00,2026/04/03   (GMT+8),Spotify
藜,-4295,Dream (https://app.notion.com/p/Dream-1de52a1550c180a4bc6eee5e921cbc2d?pvs=21),NT$424.00,2026/04/03   (GMT+8),Spotify
慧通,281692,Investment (https://app.notion.com/p/Investment-1de52a1550c1802c9955ec4b84905202?pvs=21),"NT$17,569.00",2026/05/01   (GMT+8),
慧通,50297,Fixed (https://app.notion.com/p/Fixed-1de52a1550c180f19995d25cbc6f1038?pvs=21),"NT$21,473.00",2026/05/01   (GMT+8),
"慧通 ",-30505,Dream (https://app.notion.com/p/Dream-1de52a1550c180a4bc6eee5e921cbc2d?pvs=21),"NT$6,507.00",2026/05/01   (GMT+8),
"慧通 ",323799,Savings (https://app.notion.com/p/Savings-1de52a1550c18029b280dc7d9d36cb03?pvs=21),"NT$4,507.00",2026/05/01   (GMT+8),
"慧通 ",8576,General (https://app.notion.com/p/General-1fe52a1550c180d89a84f6b6694a42f5?pvs=21),"NT$15,014.00",2026/05/01   (GMT+8),
藜,-1846,Couple's (https://app.notion.com/p/Couple-s-1de52a1550c181d39de7eebc343b38cd?pvs=21),"NT$2,000.00",2026/05/03,
藜,10388,General (https://app.notion.com/p/General-1fe52a1550c180d89a84f6b6694a42f5?pvs=21),"NT$3,000.00",2026/05/03   (GMT+8),伙食費
藜,-30161,Dream (https://app.notion.com/p/Dream-1de52a1550c180a4bc6eee5e921cbc2d?pvs=21),NT$424.00,2026/05/03   (GMT+8),Spotify
藜,-30161,Dream (https://app.notion.com/p/Dream-1de52a1550c180a4bc6eee5e921cbc2d?pvs=21),NT$99.00,2026/05/03   (GMT+8),Spotify
"慧通 ",328006,Savings (https://app.notion.com/p/Savings-1de52a1550c18029b280dc7d9d36cb03?pvs=21),"NT$4,507.00",2026/06/01   (GMT+8),
慧通,42413,Fixed (https://app.notion.com/p/Fixed-1de52a1550c180f19995d25cbc6f1038?pvs=21),"NT$21,473.00",2026/06/01   (GMT+8),
"慧通 ",5563,General (https://app.notion.com/p/General-1fe52a1550c180d89a84f6b6694a42f5?pvs=21),"NT$15,014.00",2026/06/01   (GMT+8),
"慧通 ",-49342,Dream (https://app.notion.com/p/Dream-1de52a1550c180a4bc6eee5e921cbc2d?pvs=21),"NT$6,507.00",2026/06/01   (GMT+8),
藜,2154,Couple's (https://app.notion.com/p/Couple-s-1de52a1550c181d39de7eebc343b38cd?pvs=21),"NT$2,000.00",2026/06/03,
藜,8449,General (https://app.notion.com/p/General-1fe52a1550c180d89a84f6b6694a42f5?pvs=21),"NT$3,000.00",2026/06/03   (GMT+8),伙食費
藜,-49619,Dream (https://app.notion.com/p/Dream-1de52a1550c180a4bc6eee5e921cbc2d?pvs=21),NT$424.00,2026/06/03   (GMT+8),Spotify
藜,-49619,Dream (https://app.notion.com/p/Dream-1de52a1550c180a4bc6eee5e921cbc2d?pvs=21),NT$99.00,2026/06/03   (GMT+8),Spotify
慧通,-49342,Dream (https://app.notion.com/p/Dream-1de52a1550c180a4bc6eee5e921cbc2d?pvs=21),"NT$5,155.00",2026/06/01   (GMT+8),
"慧通 ",8468,General (https://app.notion.com/p/General-1fe52a1550c180d89a84f6b6694a42f5?pvs=21),"NT$15,014.00",2026/07/01   (GMT+8),
慧通,-39512,Dream (https://app.notion.com/p/Dream-1de52a1550c180a4bc6eee5e921cbc2d?pvs=21),"NT$5,155.00",2026/07/01   (GMT+8),
"慧通 ",196313,Savings (https://app.notion.com/p/Savings-1de52a1550c18029b280dc7d9d36cb03?pvs=21),"NT$4,507.00",2026/07/01   (GMT+8),
"慧通 ",-39512,Dream (https://app.notion.com/p/Dream-1de52a1550c180a4bc6eee5e921cbc2d?pvs=21),"NT$6,507.00",2026/07/01   (GMT+8),
慧通,32577,Fixed (https://app.notion.com/p/Fixed-1de52a1550c180f19995d25cbc6f1038?pvs=21),"NT$21,473.00",2026/07/01   (GMT+8),
"慧通 ",-39512,Dream (https://app.notion.com/p/Dream-1de52a1550c180a4bc6eee5e921cbc2d?pvs=21),"NT$26,328.00",2026/07/01   (GMT+8),年終獎金
汽車報廢,-45464,Dream (https://app.notion.com/p/Dream-1de52a1550c180a4bc6eee5e921cbc2d?pvs=21),"NT$7,000.00",2026/06/05,
哥,-75502,Dream (https://app.notion.com/p/Dream-1de52a1550c180a4bc6eee5e921cbc2d?pvs=21),"NT$3,000.00",2026/06/29,
藜,6154,Couple's (https://app.notion.com/p/Couple-s-1de52a1550c181d39de7eebc343b38cd?pvs=21),"NT$2,000.00",2026/07/03,
藜,-38989,Dream (https://app.notion.com/p/Dream-1de52a1550c180a4bc6eee5e921cbc2d?pvs=21),NT$424.00,2026/07/03   (GMT+8),Spotify
藜,-38989,Dream (https://app.notion.com/p/Dream-1de52a1550c180a4bc6eee5e921cbc2d?pvs=21),NT$99.00,2026/07/03   (GMT+8),Spotify
藜,10857,General (https://app.notion.com/p/General-1fe52a1550c180d89a84f6b6694a42f5?pvs=21),"NT$3,000.00",2026/07/03   (GMT+8),伙食費