Transactions,Amount,Charged,Date,Detail,From Account,To Account
藜,"$1,598.00",Yes,2025/04/13,益生菌*2,Advanced (https://app.notion.com/p/Advanced-1de52a1550c18124a629c28efc102409?pvs=21),Dream (https://app.notion.com/p/Dream-1de52a1550c180a4bc6eee5e921cbc2d?pvs=21)
約會基金,"$2,000.00",Yes,2025/04/01,,General (https://app.notion.com/p/General-1fe52a1550c180d89a84f6b6694a42f5?pvs=21),Couple's (https://app.notion.com/p/Couple-s-1de52a1550c181d39de7eebc343b38cd?pvs=21)
約會基金,"$2,000.00",Yes,2025/03/01,,General (https://app.notion.com/p/General-1fe52a1550c180d89a84f6b6694a42f5?pvs=21),Couple's (https://app.notion.com/p/Couple-s-1de52a1550c181d39de7eebc343b38cd?pvs=21)
藜,"$1,598.00",Yes,2025/03/26,益生菌*2,Dream (https://app.notion.com/p/Dream-1de52a1550c180a4bc6eee5e921cbc2d?pvs=21),Advanced (https://app.notion.com/p/Advanced-1de52a1550c18124a629c28efc102409?pvs=21)
約會基金,"$2,000.00",Yes,2025/02/01,,General (https://app.notion.com/p/General-1fe52a1550c180d89a84f6b6694a42f5?pvs=21),Couple's (https://app.notion.com/p/Couple-s-1de52a1550c181d39de7eebc343b38cd?pvs=21)
媽,"$5,182.00",Yes,2025/01/26,Costco,Advanced (https://app.notion.com/p/Advanced-1de52a1550c18124a629c28efc102409?pvs=21),Dream (https://app.notion.com/p/Dream-1de52a1550c180a4bc6eee5e921cbc2d?pvs=21)
媽,"$5,182.00",Yes,2025/01/23,Costco,Dream (https://app.notion.com/p/Dream-1de52a1550c180a4bc6eee5e921cbc2d?pvs=21),Advanced (https://app.notion.com/p/Advanced-1de52a1550c18124a629c28efc102409?pvs=21)
藜,"$1,001.00",Yes,2025/01/04,水電費,Advanced (https://app.notion.com/p/Advanced-1de52a1550c18124a629c28efc102409?pvs=21),Dream (https://app.notion.com/p/Dream-1de52a1550c180a4bc6eee5e921cbc2d?pvs=21)
藜,"$6,500.00",Yes,2025/01/04,理髮,Advanced (https://app.notion.com/p/Advanced-1de52a1550c18124a629c28efc102409?pvs=21),Dream (https://app.notion.com/p/Dream-1de52a1550c180a4bc6eee5e921cbc2d?pvs=21)
藜,$877.00,Yes,2025/01/04,張詠宜陳阿姨火鍋,Advanced (https://app.notion.com/p/Advanced-1de52a1550c18124a629c28efc102409?pvs=21),Dream (https://app.notion.com/p/Dream-1de52a1550c180a4bc6eee5e921cbc2d?pvs=21)
哥,"$4,424.00",Yes,2025/01/02,松本清,Advanced (https://app.notion.com/p/Advanced-1de52a1550c18124a629c28efc102409?pvs=21),Dream (https://app.notion.com/p/Dream-1de52a1550c180a4bc6eee5e921cbc2d?pvs=21)
媽,"$4,078.00",Yes,2025/01/02,松本清,Advanced (https://app.notion.com/p/Advanced-1de52a1550c18124a629c28efc102409?pvs=21),Dream (https://app.notion.com/p/Dream-1de52a1550c180a4bc6eee5e921cbc2d?pvs=21)
攤銷,"$14,032.00",Yes,2024/12/31,,Savings (https://app.notion.com/p/Savings-1de52a1550c18029b280dc7d9d36cb03?pvs=21),General (https://app.notion.com/p/General-1fe52a1550c180d89a84f6b6694a42f5?pvs=21)
約會基金,"$2,000.00",Yes,2025/01/01,,General (https://app.notion.com/p/General-1fe52a1550c180d89a84f6b6694a42f5?pvs=21),Couple's (https://app.notion.com/p/Couple-s-1de52a1550c181d39de7eebc343b38cd?pvs=21)
攤銷,"$36,900.00",Yes,2024/12/31,,Savings (https://app.notion.com/p/Savings-1de52a1550c18029b280dc7d9d36cb03?pvs=21),Dream (https://app.notion.com/p/Dream-1de52a1550c180a4bc6eee5e921cbc2d?pvs=21)
媽,"$4,078.00",Yes,2024/12/31,松本清,Dream (https://app.notion.com/p/Dream-1de52a1550c180a4bc6eee5e921cbc2d?pvs=21),Advanced (https://app.notion.com/p/Advanced-1de52a1550c18124a629c28efc102409?pvs=21)
哥,"$4,424.00",Yes,2024/12/31,松本清,Dream (https://app.notion.com/p/Dream-1de52a1550c180a4bc6eee5e921cbc2d?pvs=21),Advanced (https://app.notion.com/p/Advanced-1de52a1550c18124a629c28efc102409?pvs=21)
藜,"$6,500.00",Yes,2024/12/23,理髮,Dream (https://app.notion.com/p/Dream-1de52a1550c180a4bc6eee5e921cbc2d?pvs=21),Advanced (https://app.notion.com/p/Advanced-1de52a1550c18124a629c28efc102409?pvs=21)
藜,"$1,001.00",Yes,2024/12/21,水電費,Dream (https://app.notion.com/p/Dream-1de52a1550c180a4bc6eee5e921cbc2d?pvs=21),Advanced (https://app.notion.com/p/Advanced-1de52a1550c18124a629c28efc102409?pvs=21)
藜,$877.00,Yes,2024/12/17,張詠宜陳阿姨火鍋,Dream (https://app.notion.com/p/Dream-1de52a1550c180a4bc6eee5e921cbc2d?pvs=21),Advanced (https://app.notion.com/p/Advanced-1de52a1550c18124a629c28efc102409?pvs=21)
2024日本之旅,"$166,800.00",Yes,2024/12/20,全額扣除訂金,Dream (https://app.notion.com/p/Dream-1de52a1550c180a4bc6eee5e921cbc2d?pvs=21),Advanced (https://app.notion.com/p/Advanced-1de52a1550c18124a629c28efc102409?pvs=21)
舅舅,"$17,800.00",Yes,2024/12/10,日本之旅,Advanced (https://app.notion.com/p/Advanced-1de52a1550c18124a629c28efc102409?pvs=21),Dream (https://app.notion.com/p/Dream-1de52a1550c180a4bc6eee5e921cbc2d?pvs=21)
藜,"$3,282.00",Yes,2024/12/03,Luna4,Advanced (https://app.notion.com/p/Advanced-1de52a1550c18124a629c28efc102409?pvs=21),Dream (https://app.notion.com/p/Dream-1de52a1550c180a4bc6eee5e921cbc2d?pvs=21)
舅舅,"$5,000.00",Yes,2024/12/03,日本之旅,Dream (https://app.notion.com/p/Dream-1de52a1550c180a4bc6eee5e921cbc2d?pvs=21),Advanced (https://app.notion.com/p/Advanced-1de52a1550c18124a629c28efc102409?pvs=21)
藜,"$2,500.00",Yes,2024/12/03,Luna4,Advanced (https://app.notion.com/p/Advanced-1de52a1550c18124a629c28efc102409?pvs=21),Dream (https://app.notion.com/p/Dream-1de52a1550c180a4bc6eee5e921cbc2d?pvs=21)
約會基金,"$2,000.00",Yes,2024/12/02,,General (https://app.notion.com/p/General-1fe52a1550c180d89a84f6b6694a42f5?pvs=21),Couple's (https://app.notion.com/p/Couple-s-1de52a1550c181d39de7eebc343b38cd?pvs=21)
舅舅,"$15,000.00",Yes,2024/11/11,日本之旅,Advanced (https://app.notion.com/p/Advanced-1de52a1550c18124a629c28efc102409?pvs=21),Dream (https://app.notion.com/p/Dream-1de52a1550c180a4bc6eee5e921cbc2d?pvs=21)
藜,"$2,500.00",Yes,2024/11/21,Luna4,Dream (https://app.notion.com/p/Dream-1de52a1550c180a4bc6eee5e921cbc2d?pvs=21),Advanced (https://app.notion.com/p/Advanced-1de52a1550c18124a629c28efc102409?pvs=21)
Haha baby路跑,"$1,550.00",Yes,2024/11/03,藜,Advanced (https://app.notion.com/p/Advanced-1de52a1550c18124a629c28efc102409?pvs=21),Dream (https://app.notion.com/p/Dream-1de52a1550c180a4bc6eee5e921cbc2d?pvs=21)
藜,"$3,282.00",Yes,2024/11/08,Luna4,Dream (https://app.notion.com/p/Dream-1de52a1550c180a4bc6eee5e921cbc2d?pvs=21),Advanced (https://app.notion.com/p/Advanced-1de52a1550c18124a629c28efc102409?pvs=21)
Relove,"$1,660.00",Yes,2024/11/01,除毛膏*2文琳,Advanced (https://app.notion.com/p/Advanced-1de52a1550c18124a629c28efc102409?pvs=21),Dream (https://app.notion.com/p/Dream-1de52a1550c180a4bc6eee5e921cbc2d?pvs=21)
Relove,"$1,660.00",Yes,2024/11/01,除毛膏*2文琳,Dream (https://app.notion.com/p/Dream-1de52a1550c180a4bc6eee5e921cbc2d?pvs=21),Advanced (https://app.notion.com/p/Advanced-1de52a1550c18124a629c28efc102409?pvs=21)
約會基金,"$2,000.00",Yes,2024/11/01,,General (https://app.notion.com/p/General-1fe52a1550c180d89a84f6b6694a42f5?pvs=21),Couple's (https://app.notion.com/p/Couple-s-1de52a1550c181d39de7eebc343b38cd?pvs=21)
新竹台南,$800.00,Yes,2024/10/27,,Couple's (https://app.notion.com/p/Couple-s-1de52a1550c181d39de7eebc343b38cd?pvs=21),Dream (https://app.notion.com/p/Dream-1de52a1550c180a4bc6eee5e921cbc2d?pvs=21)
媽,"$31,000.00",Yes,2024/10/14,可樂訂金,Advanced (https://app.notion.com/p/Advanced-1de52a1550c18124a629c28efc102409?pvs=21),Dream (https://app.notion.com/p/Dream-1de52a1550c180a4bc6eee5e921cbc2d?pvs=21)
媽,"$8,000.00",Yes,2024/10/14,可樂訂金,Advanced (https://app.notion.com/p/Advanced-1de52a1550c18124a629c28efc102409?pvs=21),Dream (https://app.notion.com/p/Dream-1de52a1550c180a4bc6eee5e921cbc2d?pvs=21)
媽,"$50,000.00",Yes,2024/10/12,可樂訂金,Advanced (https://app.notion.com/p/Advanced-1de52a1550c18124a629c28efc102409?pvs=21),Dream (https://app.notion.com/p/Dream-1de52a1550c180a4bc6eee5e921cbc2d?pvs=21)
媽,"$50,000.00",Yes,2024/10/11,可樂訂金,Advanced (https://app.notion.com/p/Advanced-1de52a1550c18124a629c28efc102409?pvs=21),Dream (https://app.notion.com/p/Dream-1de52a1550c180a4bc6eee5e921cbc2d?pvs=21)
媽,"$50,000.00",Yes,2024/10/10,可樂訂金,Advanced (https://app.notion.com/p/Advanced-1de52a1550c18124a629c28efc102409?pvs=21),Dream (https://app.notion.com/p/Dream-1de52a1550c180a4bc6eee5e921cbc2d?pvs=21)
舅舅日本之旅,"$10,000.00",Yes,2024/10/10,訂金,Advanced (https://app.notion.com/p/Advanced-1de52a1550c18124a629c28efc102409?pvs=21),Dream (https://app.notion.com/p/Dream-1de52a1550c180a4bc6eee5e921cbc2d?pvs=21)
可樂旅遊,"$60,000.00",Yes,2024/10/10,訂金*6,Dream (https://app.notion.com/p/Dream-1de52a1550c180a4bc6eee5e921cbc2d?pvs=21),Advanced (https://app.notion.com/p/Advanced-1de52a1550c18124a629c28efc102409?pvs=21)
藜,"$1,016.00",Yes,2024/10/06,衛生棉條,Advanced (https://app.notion.com/p/Advanced-1de52a1550c18124a629c28efc102409?pvs=21),Dream (https://app.notion.com/p/Dream-1de52a1550c180a4bc6eee5e921cbc2d?pvs=21)
龍,$188.00,Yes,2024/10/04,菠菜,Advanced (https://app.notion.com/p/Advanced-1de52a1550c18124a629c28efc102409?pvs=21),Dream (https://app.notion.com/p/Dream-1de52a1550c180a4bc6eee5e921cbc2d?pvs=21)
攤銷,"$7,168.00",Yes,2024/10/01,,Dream (https://app.notion.com/p/Dream-1de52a1550c180a4bc6eee5e921cbc2d?pvs=21),Couple's (https://app.notion.com/p/Couple-s-1de52a1550c181d39de7eebc343b38cd?pvs=21)
張詠宜,$499.00,Yes,2024/09/29,壽司,Advanced (https://app.notion.com/p/Advanced-1de52a1550c18124a629c28efc102409?pvs=21),Dream (https://app.notion.com/p/Dream-1de52a1550c180a4bc6eee5e921cbc2d?pvs=21)
約會基金,"$2,000.00",Yes,2024/10/01,,General (https://app.notion.com/p/General-1fe52a1550c180d89a84f6b6694a42f5?pvs=21),Couple's (https://app.notion.com/p/Couple-s-1de52a1550c181d39de7eebc343b38cd?pvs=21)
張詠宜,$499.00,Yes,2024/09/29,壽司,Dream (https://app.notion.com/p/Dream-1de52a1550c180a4bc6eee5e921cbc2d?pvs=21),Advanced (https://app.notion.com/p/Advanced-1de52a1550c18124a629c28efc102409?pvs=21)
龍,$188.00,Yes,2024/09/29,菠菜,Dream (https://app.notion.com/p/Dream-1de52a1550c180a4bc6eee5e921cbc2d?pvs=21),Advanced (https://app.notion.com/p/Advanced-1de52a1550c18124a629c28efc102409?pvs=21)
藜,"$2,900.00",Yes,2024/09/03,台北羽球公開賽,Advanced (https://app.notion.com/p/Advanced-1de52a1550c18124a629c28efc102409?pvs=21),Dream (https://app.notion.com/p/Dream-1de52a1550c180a4bc6eee5e921cbc2d?pvs=21)
藜,"$1,016.00",Yes,2024/09/29,衛生棉條,Dream (https://app.notion.com/p/Dream-1de52a1550c180a4bc6eee5e921cbc2d?pvs=21),Advanced (https://app.notion.com/p/Advanced-1de52a1550c18124a629c28efc102409?pvs=21)
約會基金,"$2,000.00",Yes,2024/09/02,,General (https://app.notion.com/p/General-1fe52a1550c180d89a84f6b6694a42f5?pvs=21),Couple's (https://app.notion.com/p/Couple-s-1de52a1550c181d39de7eebc343b38cd?pvs=21)
藜,"$2,130.00",Yes,2024/08/20,寶雅,Advanced (https://app.notion.com/p/Advanced-1de52a1550c18124a629c28efc102409?pvs=21),Dream (https://app.notion.com/p/Dream-1de52a1550c180a4bc6eee5e921cbc2d?pvs=21)
媽,"$3,893.00",Yes,2024/08/13,Costco,Dream (https://app.notion.com/p/Dream-1de52a1550c180a4bc6eee5e921cbc2d?pvs=21),Advanced (https://app.notion.com/p/Advanced-1de52a1550c18124a629c28efc102409?pvs=21)
媽,"$3,893.00",Yes,2024/08/17,Costco,Advanced (https://app.notion.com/p/Advanced-1de52a1550c18124a629c28efc102409?pvs=21),Dream (https://app.notion.com/p/Dream-1de52a1550c180a4bc6eee5e921cbc2d?pvs=21)
藜,"$2,900.00",Yes,2024/08/09,台北羽球公開賽,Dream (https://app.notion.com/p/Dream-1de52a1550c180a4bc6eee5e921cbc2d?pvs=21),Advanced (https://app.notion.com/p/Advanced-1de52a1550c18124a629c28efc102409?pvs=21)
藜,"$2,130.00",Yes,2024/08/11,寶雅,Dream (https://app.notion.com/p/Dream-1de52a1550c180a4bc6eee5e921cbc2d?pvs=21),Advanced (https://app.notion.com/p/Advanced-1de52a1550c18124a629c28efc102409?pvs=21)
藜,"$1,550.00",Yes,2024/08/08,Haha baby路跑,Dream (https://app.notion.com/p/Dream-1de52a1550c180a4bc6eee5e921cbc2d?pvs=21),Advanced (https://app.notion.com/p/Advanced-1de52a1550c18124a629c28efc102409?pvs=21)
約會基金,"$2,000.00",Yes,2024/08/01,,General (https://app.notion.com/p/General-1fe52a1550c180d89a84f6b6694a42f5?pvs=21),Couple's (https://app.notion.com/p/Couple-s-1de52a1550c181d39de7eebc343b38cd?pvs=21)
藜,$390.00,Yes,2024/07/10,Uniqlo,Advanced (https://app.notion.com/p/Advanced-1de52a1550c18124a629c28efc102409?pvs=21),Dream (https://app.notion.com/p/Dream-1de52a1550c180a4bc6eee5e921cbc2d?pvs=21)
水電費,"$1,223.00",Yes,2024/07/10,,Advanced (https://app.notion.com/p/Advanced-1de52a1550c18124a629c28efc102409?pvs=21),General (https://app.notion.com/p/General-1fe52a1550c180d89a84f6b6694a42f5?pvs=21)
約會基金,"$2,000.00",Yes,2024/07/01,,General (https://app.notion.com/p/General-1fe52a1550c180d89a84f6b6694a42f5?pvs=21),Couple's (https://app.notion.com/p/Couple-s-1de52a1550c181d39de7eebc343b38cd?pvs=21)
蝦皮,"$1,320.00",Yes,2024/06/29,電剪,Advanced (https://app.notion.com/p/Advanced-1de52a1550c18124a629c28efc102409?pvs=21),Dream (https://app.notion.com/p/Dream-1de52a1550c180a4bc6eee5e921cbc2d?pvs=21)
藜,$390.00,Yes,2024/06/30,Uniqlo,Dream (https://app.notion.com/p/Dream-1de52a1550c180a4bc6eee5e921cbc2d?pvs=21),Advanced (https://app.notion.com/p/Advanced-1de52a1550c18124a629c28efc102409?pvs=21)
媽,"$1,277.00",Yes,2024/06/29,Costco餐包239+蝦仁519*2,Advanced (https://app.notion.com/p/Advanced-1de52a1550c18124a629c28efc102409?pvs=21),Dream (https://app.notion.com/p/Dream-1de52a1550c180a4bc6eee5e921cbc2d?pvs=21)
蝦皮,"$1,320.00",Yes,2024/06/29,電剪,Dream (https://app.notion.com/p/Dream-1de52a1550c180a4bc6eee5e921cbc2d?pvs=21),Advanced (https://app.notion.com/p/Advanced-1de52a1550c18124a629c28efc102409?pvs=21)
媽,"$1,277.00",Yes,2024/06/27,Costco餐包239+蝦仁519*2,Dream (https://app.notion.com/p/Dream-1de52a1550c180a4bc6eee5e921cbc2d?pvs=21),Advanced (https://app.notion.com/p/Advanced-1de52a1550c18124a629c28efc102409?pvs=21)
水電費,"$1,223.00",Yes,2024/06/27,,General (https://app.notion.com/p/General-1fe52a1550c180d89a84f6b6694a42f5?pvs=21),Advanced (https://app.notion.com/p/Advanced-1de52a1550c18124a629c28efc102409?pvs=21)
約會基金,"$2,000.00",Yes,2024/06/03,,General (https://app.notion.com/p/General-1fe52a1550c180d89a84f6b6694a42f5?pvs=21),Couple's (https://app.notion.com/p/Couple-s-1de52a1550c181d39de7eebc343b38cd?pvs=21)
攤銷,"$8,115.00",Yes,2024/06/01,,Fixed (https://app.notion.com/p/Fixed-1de52a1550c180f19995d25cbc6f1038?pvs=21),General (https://app.notion.com/p/General-1fe52a1550c180d89a84f6b6694a42f5?pvs=21)
輕鬆美膚,$792.00,Yes,2024/05/22,龍,Advanced (https://app.notion.com/p/Advanced-1de52a1550c18124a629c28efc102409?pvs=21),Dream (https://app.notion.com/p/Dream-1de52a1550c180a4bc6eee5e921cbc2d?pvs=21)
輕鬆美膚,$837.00,Yes,2024/05/22,宸徽,Advanced (https://app.notion.com/p/Advanced-1de52a1550c18124a629c28efc102409?pvs=21),Dream (https://app.notion.com/p/Dream-1de52a1550c180a4bc6eee5e921cbc2d?pvs=21)
輕鬆美膚,"$1,719.00",Yes,2024/05/22,曼,Advanced (https://app.notion.com/p/Advanced-1de52a1550c18124a629c28efc102409?pvs=21),Dream (https://app.notion.com/p/Dream-1de52a1550c180a4bc6eee5e921cbc2d?pvs=21)
輕鬆美膚,"$1,674.00",Yes,2024/05/21,文琳,Advanced (https://app.notion.com/p/Advanced-1de52a1550c18124a629c28efc102409?pvs=21),Dream (https://app.notion.com/p/Dream-1de52a1550c180a4bc6eee5e921cbc2d?pvs=21)
輕鬆美膚,"$5,022.00",Yes,2024/05/21,,Dream (https://app.notion.com/p/Dream-1de52a1550c180a4bc6eee5e921cbc2d?pvs=21),Advanced (https://app.notion.com/p/Advanced-1de52a1550c18124a629c28efc102409?pvs=21)
媽,"$1,058.00",Yes,2024/05/14,萬歲牌開心果,Advanced (https://app.notion.com/p/Advanced-1de52a1550c18124a629c28efc102409?pvs=21),Dream (https://app.notion.com/p/Dream-1de52a1550c180a4bc6eee5e921cbc2d?pvs=21)
媽,"$1,058.00",Yes,2024/05/13,萬歲牌開心果,Dream (https://app.notion.com/p/Dream-1de52a1550c180a4bc6eee5e921cbc2d?pvs=21),Advanced (https://app.notion.com/p/Advanced-1de52a1550c18124a629c28efc102409?pvs=21)
藜,"$3,000.00",Yes,2024/05/10,手機維修費,Advanced (https://app.notion.com/p/Advanced-1de52a1550c18124a629c28efc102409?pvs=21),Dream (https://app.notion.com/p/Dream-1de52a1550c180a4bc6eee5e921cbc2d?pvs=21)
約會基金,"$2,000.00",Yes,2024/05/02,,General (https://app.notion.com/p/General-1fe52a1550c180d89a84f6b6694a42f5?pvs=21),Couple's (https://app.notion.com/p/Couple-s-1de52a1550c181d39de7eebc343b38cd?pvs=21)
投資,"$30,000.00",Yes,2024/04/26,,Investment (https://app.notion.com/p/Investment-1de52a1550c1802c9955ec4b84905202?pvs=21),JPY Investment (https://app.notion.com/p/JPY-Investment-1de52a1550c180e28c1ff1eecb90f3e2?pvs=21)
藜,"$1,000.00",Yes,2024/04/10,插畫展,Advanced (https://app.notion.com/p/Advanced-1de52a1550c18124a629c28efc102409?pvs=21),Dream (https://app.notion.com/p/Dream-1de52a1550c180a4bc6eee5e921cbc2d?pvs=21)
藜,"$3,000.00",Yes,2024/04/10,手機維修費,Advanced (https://app.notion.com/p/Advanced-1de52a1550c18124a629c28efc102409?pvs=21),Dream (https://app.notion.com/p/Dream-1de52a1550c180a4bc6eee5e921cbc2d?pvs=21)
藜,"$1,000.00",Yes,2024/04/04,插畫展,Dream (https://app.notion.com/p/Dream-1de52a1550c180a4bc6eee5e921cbc2d?pvs=21),Advanced (https://app.notion.com/p/Advanced-1de52a1550c18124a629c28efc102409?pvs=21)
藜,"$6,000.00",Yes,2024/04/06,手機維修費,Dream (https://app.notion.com/p/Dream-1de52a1550c180a4bc6eee5e921cbc2d?pvs=21),Advanced (https://app.notion.com/p/Advanced-1de52a1550c18124a629c28efc102409?pvs=21)
投資,"$150,000.00",Yes,2024/03/29,,Investment (https://app.notion.com/p/Investment-1de52a1550c1802c9955ec4b84905202?pvs=21),US Stock Investment (https://app.notion.com/p/US-Stock-Investment-1de52a1550c1810db658f2adff881319?pvs=21)
攤銷,"$8,613.00",Yes,2024/02/29,,Investment (https://app.notion.com/p/Investment-1de52a1550c1802c9955ec4b84905202?pvs=21),General (https://app.notion.com/p/General-1fe52a1550c180d89a84f6b6694a42f5?pvs=21)
攤銷,"$16,009.00",Yes,2024/02/29,,Investment (https://app.notion.com/p/Investment-1de52a1550c1802c9955ec4b84905202?pvs=21),Dream (https://app.notion.com/p/Dream-1de52a1550c180a4bc6eee5e921cbc2d?pvs=21)
攤銷,"$20,000.00",Yes,2024/02/27,,Investment (https://app.notion.com/p/Investment-1de52a1550c1802c9955ec4b84905202?pvs=21),JPY Investment (https://app.notion.com/p/JPY-Investment-1de52a1550c180e28c1ff1eecb90f3e2?pvs=21)
韓國之旅攤銷,"$3,111.00",Yes,2024/01/31,,Dream (https://app.notion.com/p/Dream-1de52a1550c180a4bc6eee5e921cbc2d?pvs=21),Couple's (https://app.notion.com/p/Couple-s-1de52a1550c181d39de7eebc343b38cd?pvs=21)
韓國之旅攤銷,"$3,000.00",Yes,2023/12/29,,Dream (https://app.notion.com/p/Dream-1de52a1550c180a4bc6eee5e921cbc2d?pvs=21),Couple's (https://app.notion.com/p/Couple-s-1de52a1550c181d39de7eebc343b38cd?pvs=21)
2023存的汽車保費,"$8,057.00",Yes,2024/01/31,,Fixed (https://app.notion.com/p/Fixed-1de52a1550c180f19995d25cbc6f1038?pvs=21),General (https://app.notion.com/p/General-1fe52a1550c180d89a84f6b6694a42f5?pvs=21)
韓國之旅,"$5,000.00",Yes,2023/12/11,,Dream (https://app.notion.com/p/Dream-1de52a1550c180a4bc6eee5e921cbc2d?pvs=21),Couple's (https://app.notion.com/p/Couple-s-1de52a1550c181d39de7eebc343b38cd?pvs=21)
韓國之旅,"$3,000.00",Yes,2023/12/11,,General (https://app.notion.com/p/General-1fe52a1550c180d89a84f6b6694a42f5?pvs=21),Couple's (https://app.notion.com/p/Couple-s-1de52a1550c181d39de7eebc343b38cd?pvs=21)
幸福培菓,"$1,469.00",Yes,2025/04/24,original 鮭魚 7kg,Advanced (https://app.notion.com/p/Advanced-1de52a1550c18124a629c28efc102409?pvs=21),Dream (https://app.notion.com/p/Dream-1de52a1550c180a4bc6eee5e921cbc2d?pvs=21)
約會基金,"$2,000.00",Yes,2025/05/02,,General (https://app.notion.com/p/General-1fe52a1550c180d89a84f6b6694a42f5?pvs=21),Couple's (https://app.notion.com/p/Couple-s-1de52a1550c181d39de7eebc343b38cd?pvs=21)
幸福培菓,"$1,469.00",Yes,2025/04/24,original 鮭魚 7kg,Dream (https://app.notion.com/p/Dream-1de52a1550c180a4bc6eee5e921cbc2d?pvs=21),Advanced (https://app.notion.com/p/Advanced-1de52a1550c18124a629c28efc102409?pvs=21)
開車回台南,"$1,000.00",Yes,2025/05/11,加油費、ETC補貼,Couple's (https://app.notion.com/p/Couple-s-1de52a1550c181d39de7eebc343b38cd?pvs=21),Dream (https://app.notion.com/p/Dream-1de52a1550c180a4bc6eee5e921cbc2d?pvs=21)
藜,$999.00,Yes,2025/06/01,AO保養液,Advanced (https://app.notion.com/p/Advanced-1de52a1550c18124a629c28efc102409?pvs=21),Dream (https://app.notion.com/p/Dream-1de52a1550c180a4bc6eee5e921cbc2d?pvs=21)
藜,$999.00,Yes,2025/06/01,AO保養液,Dream (https://app.notion.com/p/Dream-1de52a1550c180a4bc6eee5e921cbc2d?pvs=21),Advanced (https://app.notion.com/p/Advanced-1de52a1550c18124a629c28efc102409?pvs=21)
藜,"$1,063.00",Yes,2025/08/10,衛生棉條,Dream (https://app.notion.com/p/Dream-1de52a1550c180a4bc6eee5e921cbc2d?pvs=21),Advanced (https://app.notion.com/p/Advanced-1de52a1550c18124a629c28efc102409?pvs=21)
約會基金,"$2,000.00",Yes,2025/06/01,,General (https://app.notion.com/p/General-1fe52a1550c180d89a84f6b6694a42f5?pvs=21),Couple's (https://app.notion.com/p/Couple-s-1de52a1550c181d39de7eebc343b38cd?pvs=21)
約會基金,"$2,000.00",Yes,2025/07/01,,General (https://app.notion.com/p/General-1fe52a1550c180d89a84f6b6694a42f5?pvs=21),Couple's (https://app.notion.com/p/Couple-s-1de52a1550c181d39de7eebc343b38cd?pvs=21)
約會基金,"$2,000.00",Yes,2025/08/01,,General (https://app.notion.com/p/General-1fe52a1550c180d89a84f6b6694a42f5?pvs=21),Couple's (https://app.notion.com/p/Couple-s-1de52a1550c181d39de7eebc343b38cd?pvs=21)
約會基金,"$2,000.00",Yes,2025/09/01,,General (https://app.notion.com/p/General-1fe52a1550c180d89a84f6b6694a42f5?pvs=21),Couple's (https://app.notion.com/p/Couple-s-1de52a1550c181d39de7eebc343b38cd?pvs=21)
媽,"$1,367.00",Yes,2025/08/31,,Dream (https://app.notion.com/p/Dream-1de52a1550c180a4bc6eee5e921cbc2d?pvs=21),Advanced (https://app.notion.com/p/Advanced-1de52a1550c18124a629c28efc102409?pvs=21)
美股投資,"$50,000.00",Yes,2025/07/03,,Investment (https://app.notion.com/p/Investment-1de52a1550c1802c9955ec4b84905202?pvs=21),US Stock Investment (https://app.notion.com/p/US-Stock-Investment-1de52a1550c1810db658f2adff881319?pvs=21)
美股投資,"$50,000.00",Yes,2025/05/08,,Investment (https://app.notion.com/p/Investment-1de52a1550c1802c9955ec4b84905202?pvs=21),US Stock Investment (https://app.notion.com/p/US-Stock-Investment-1de52a1550c1810db658f2adff881319?pvs=21)
美股投資,"$10,000.00",Yes,2025/05/28,,Investment (https://app.notion.com/p/Investment-1de52a1550c1802c9955ec4b84905202?pvs=21),US Stock Investment (https://app.notion.com/p/US-Stock-Investment-1de52a1550c1810db658f2adff881319?pvs=21)
台股投資,"$8,106.00",Yes,2025/05/08,,Investment (https://app.notion.com/p/Investment-1de52a1550c1802c9955ec4b84905202?pvs=21),NT Stock Investment (https://app.notion.com/p/NT-Stock-Investment-26152a1550c180388607e5638e6da470?pvs=21)
藜,"$1,620.00",Yes,2025/08/10,hahababy擁抱點點路跑,Dream (https://app.notion.com/p/Dream-1de52a1550c180a4bc6eee5e921cbc2d?pvs=21),Advanced (https://app.notion.com/p/Advanced-1de52a1550c18124a629c28efc102409?pvs=21)
藜,"$1,063.00",Yes,2025/09/02,衛生棉條,Advanced (https://app.notion.com/p/Advanced-1de52a1550c18124a629c28efc102409?pvs=21),Dream (https://app.notion.com/p/Dream-1de52a1550c180a4bc6eee5e921cbc2d?pvs=21)
藜,$508.00,Yes,2025/09/08,衛生棉條,Dream (https://app.notion.com/p/Dream-1de52a1550c180a4bc6eee5e921cbc2d?pvs=21),Advanced (https://app.notion.com/p/Advanced-1de52a1550c18124a629c28efc102409?pvs=21)
媽,"$1,367.00",Yes,2025/08/31,,Advanced (https://app.notion.com/p/Advanced-1de52a1550c18124a629c28efc102409?pvs=21),Dream (https://app.notion.com/p/Dream-1de52a1550c180a4bc6eee5e921cbc2d?pvs=21)
Mac,"$49,415.00",Yes,2025/07/31,,Savings (https://app.notion.com/p/Savings-1de52a1550c18029b280dc7d9d36cb03?pvs=21),Dream (https://app.notion.com/p/Dream-1de52a1550c180a4bc6eee5e921cbc2d?pvs=21)
Mac,"$2,000.00",Yes,2025/09/01,,Dream (https://app.notion.com/p/Dream-1de52a1550c180a4bc6eee5e921cbc2d?pvs=21),Savings (https://app.notion.com/p/Savings-1de52a1550c18029b280dc7d9d36cb03?pvs=21)
Mac,"$2,000.00",Yes,2025/08/01,,Dream (https://app.notion.com/p/Dream-1de52a1550c180a4bc6eee5e921cbc2d?pvs=21),Savings (https://app.notion.com/p/Savings-1de52a1550c18029b280dc7d9d36cb03?pvs=21)
Mac,"$2,000.00",Yes,2025/10/01,,Dream (https://app.notion.com/p/Dream-1de52a1550c180a4bc6eee5e921cbc2d?pvs=21),Savings (https://app.notion.com/p/Savings-1de52a1550c18029b280dc7d9d36cb03?pvs=21)
約會基金,"$2,000.00",Yes,2025/10/01,,General (https://app.notion.com/p/General-1fe52a1550c180d89a84f6b6694a42f5?pvs=21),Couple's (https://app.notion.com/p/Couple-s-1de52a1550c181d39de7eebc343b38cd?pvs=21)
藜,$508.00,Yes,2025/09/08,衛生棉條,Advanced (https://app.notion.com/p/Advanced-1de52a1550c18124a629c28efc102409?pvs=21),Dream (https://app.notion.com/p/Dream-1de52a1550c180a4bc6eee5e921cbc2d?pvs=21)
藜,"$1,620.00",Yes,2025/08/10,hahababy擁抱點點路跑,Advanced (https://app.notion.com/p/Advanced-1de52a1550c18124a629c28efc102409?pvs=21),Dream (https://app.notion.com/p/Dream-1de52a1550c180a4bc6eee5e921cbc2d?pvs=21)
藜,$635.00,Yes,2025/10/27,,Advanced (https://app.notion.com/p/Advanced-1de52a1550c18124a629c28efc102409?pvs=21),Dream (https://app.notion.com/p/Dream-1de52a1550c180a4bc6eee5e921cbc2d?pvs=21)
約會基金,"$2,000.00",Yes,2025/11/01,,General (https://app.notion.com/p/General-1fe52a1550c180d89a84f6b6694a42f5?pvs=21),Couple's (https://app.notion.com/p/Couple-s-1de52a1550c181d39de7eebc343b38cd?pvs=21)
Mac,"$2,000.00",Yes,2025/11/01,,Dream (https://app.notion.com/p/Dream-1de52a1550c180a4bc6eee5e921cbc2d?pvs=21),Savings (https://app.notion.com/p/Savings-1de52a1550c18029b280dc7d9d36cb03?pvs=21)
藜,$189.00,Yes,2025/10/31,,Dream (https://app.notion.com/p/Dream-1de52a1550c180a4bc6eee5e921cbc2d?pvs=21),Advanced (https://app.notion.com/p/Advanced-1de52a1550c18124a629c28efc102409?pvs=21)
藜,$189.00,Yes,2025/10/31,,Advanced (https://app.notion.com/p/Advanced-1de52a1550c18124a629c28efc102409?pvs=21),Dream (https://app.notion.com/p/Dream-1de52a1550c180a4bc6eee5e921cbc2d?pvs=21)
藜,$999.00,Yes,2025/11/04,,Dream (https://app.notion.com/p/Dream-1de52a1550c180a4bc6eee5e921cbc2d?pvs=21),Advanced (https://app.notion.com/p/Advanced-1de52a1550c18124a629c28efc102409?pvs=21)
藜,$635.00,Yes,2025/11/22,,Dream (https://app.notion.com/p/Dream-1de52a1550c180a4bc6eee5e921cbc2d?pvs=21),Advanced (https://app.notion.com/p/Advanced-1de52a1550c18124a629c28efc102409?pvs=21)
Mac,"$2,000.00",Yes,2025/12/01,,Dream (https://app.notion.com/p/Dream-1de52a1550c180a4bc6eee5e921cbc2d?pvs=21),Savings (https://app.notion.com/p/Savings-1de52a1550c18029b280dc7d9d36cb03?pvs=21)
約會基金,"$2,000.00",Yes,2025/12/01,,General (https://app.notion.com/p/General-1fe52a1550c180d89a84f6b6694a42f5?pvs=21),Couple's (https://app.notion.com/p/Couple-s-1de52a1550c181d39de7eebc343b38cd?pvs=21)
Mac,"$2,000.00",Yes,2026/01/01,,Dream (https://app.notion.com/p/Dream-1de52a1550c180a4bc6eee5e921cbc2d?pvs=21),Savings (https://app.notion.com/p/Savings-1de52a1550c18029b280dc7d9d36cb03?pvs=21)
約會基金,"$2,000.00",Yes,2026/01/01,,General (https://app.notion.com/p/General-1fe52a1550c180d89a84f6b6694a42f5?pvs=21),Couple's (https://app.notion.com/p/Couple-s-1de52a1550c181d39de7eebc343b38cd?pvs=21)
藜,$999.00,Yes,2025/12/28,,Advanced (https://app.notion.com/p/Advanced-1de52a1550c18124a629c28efc102409?pvs=21),Dream (https://app.notion.com/p/Dream-1de52a1550c180a4bc6eee5e921cbc2d?pvs=21)
日本之旅食物,"$10,000.00",Yes,2026/01/07,,General (https://app.notion.com/p/General-1fe52a1550c180d89a84f6b6694a42f5?pvs=21),Dream (https://app.notion.com/p/Dream-1de52a1550c180a4bc6eee5e921cbc2d?pvs=21)
日本之旅攤銷,"$10,000.00",Yes,2026/01/07,,Couple's (https://app.notion.com/p/Couple-s-1de52a1550c181d39de7eebc343b38cd?pvs=21),Dream (https://app.notion.com/p/Dream-1de52a1550c180a4bc6eee5e921cbc2d?pvs=21)
Mac,"$2,000.00",Yes,2026/02/01,,Dream (https://app.notion.com/p/Dream-1de52a1550c180a4bc6eee5e921cbc2d?pvs=21),Savings (https://app.notion.com/p/Savings-1de52a1550c18029b280dc7d9d36cb03?pvs=21)
約會基金,"$2,000.00",Yes,2026/02/01,,General (https://app.notion.com/p/General-1fe52a1550c180d89a84f6b6694a42f5?pvs=21),Couple's (https://app.notion.com/p/Couple-s-1de52a1550c181d39de7eebc343b38cd?pvs=21)
Mac,"$2,000.00",Yes,2026/03/01,,Dream (https://app.notion.com/p/Dream-1de52a1550c180a4bc6eee5e921cbc2d?pvs=21),Savings (https://app.notion.com/p/Savings-1de52a1550c18029b280dc7d9d36cb03?pvs=21)
約會基金,"$2,000.00",Yes,2026/03/01,,General (https://app.notion.com/p/General-1fe52a1550c180d89a84f6b6694a42f5?pvs=21),Couple's (https://app.notion.com/p/Couple-s-1de52a1550c181d39de7eebc343b38cd?pvs=21)
日本之旅攤銷,"$8,000.00",Yes,2026/03/16,,Couple's (https://app.notion.com/p/Couple-s-1de52a1550c181d39de7eebc343b38cd?pvs=21),Dream (https://app.notion.com/p/Dream-1de52a1550c180a4bc6eee5e921cbc2d?pvs=21)
約會基金,"$2,000.00",Yes,2026/04/01,,General (https://app.notion.com/p/General-1fe52a1550c180d89a84f6b6694a42f5?pvs=21),Couple's (https://app.notion.com/p/Couple-s-1de52a1550c181d39de7eebc343b38cd?pvs=21)
Mac,"$2,000.00",Yes,2026/04/01,,Dream (https://app.notion.com/p/Dream-1de52a1550c180a4bc6eee5e921cbc2d?pvs=21),Savings (https://app.notion.com/p/Savings-1de52a1550c18029b280dc7d9d36cb03?pvs=21)
美股投資,"$100,000.00",Yes,2026/04/22,,Investment (https://app.notion.com/p/Investment-1de52a1550c1802c9955ec4b84905202?pvs=21),US Stock Investment (https://app.notion.com/p/US-Stock-Investment-1de52a1550c1810db658f2adff881319?pvs=21)
美股投資,"$80,000.00",Yes,2024/12/31,,Investment (https://app.notion.com/p/Investment-1de52a1550c1802c9955ec4b84905202?pvs=21),US Stock Investment (https://app.notion.com/p/US-Stock-Investment-1de52a1550c1810db658f2adff881319?pvs=21)
Mac,"$2,000.00",Yes,2026/05/01,,Dream (https://app.notion.com/p/Dream-1de52a1550c180a4bc6eee5e921cbc2d?pvs=21),Savings (https://app.notion.com/p/Savings-1de52a1550c18029b280dc7d9d36cb03?pvs=21)
約會基金,"$2,000.00",Yes,2026/05/01,,General (https://app.notion.com/p/General-1fe52a1550c180d89a84f6b6694a42f5?pvs=21),Couple's (https://app.notion.com/p/Couple-s-1de52a1550c181d39de7eebc343b38cd?pvs=21)
Mac,"$2,000.00",Yes,2026/06/01,,Dream (https://app.notion.com/p/Dream-1de52a1550c180a4bc6eee5e921cbc2d?pvs=21),Savings (https://app.notion.com/p/Savings-1de52a1550c18029b280dc7d9d36cb03?pvs=21)
約會基金,"$2,000.00",Yes,2026/06/01,,General (https://app.notion.com/p/General-1fe52a1550c180d89a84f6b6694a42f5?pvs=21),Couple's (https://app.notion.com/p/Couple-s-1de52a1550c181d39de7eebc343b38cd?pvs=21)
美股投資,"$50,000.00",Yes,2026/05/13,,Investment (https://app.notion.com/p/Investment-1de52a1550c1802c9955ec4b84905202?pvs=21),US Stock Investment (https://app.notion.com/p/US-Stock-Investment-1de52a1550c1810db658f2adff881319?pvs=21)
"藜 ","$3,445.00",No,2026/06/21,,Advanced (https://app.notion.com/p/Advanced-1de52a1550c18124a629c28efc102409?pvs=21),Dream (https://app.notion.com/p/Dream-1de52a1550c180a4bc6eee5e921cbc2d?pvs=21)
約會基金,"$2,000.00",Yes,2026/07/01,,General (https://app.notion.com/p/General-1fe52a1550c180d89a84f6b6694a42f5?pvs=21),Couple's (https://app.notion.com/p/Couple-s-1de52a1550c181d39de7eebc343b38cd?pvs=21)
Mac,"$2,000.00",Yes,2026/07/01,,Dream (https://app.notion.com/p/Dream-1de52a1550c180a4bc6eee5e921cbc2d?pvs=21),Savings (https://app.notion.com/p/Savings-1de52a1550c18029b280dc7d9d36cb03?pvs=21)
美股投資,"$50,000.00",Yes,2026/02/01,,Investment (https://app.notion.com/p/Investment-1de52a1550c1802c9955ec4b84905202?pvs=21),US Stock Investment (https://app.notion.com/p/US-Stock-Investment-1de52a1550c1810db658f2adff881319?pvs=21)