Income,Amount,Accounts,Date,Detail,Account Balance
藜,"NT$3,000.00",General (https://app.notion.com/p/General-1fe52a1550c180d89a84f6b6694a42f5?pvs=21),2026/07/03   (GMT+8),伙食費,10857
藜,NT$99.00,Dream (https://app.notion.com/p/Dream-1de52a1550c180a4bc6eee5e921cbc2d?pvs=21),2026/07/03   (GMT+8),Spotify,-38989
藜,NT$424.00,Dream (https://app.notion.com/p/Dream-1de52a1550c180a4bc6eee5e921cbc2d?pvs=21),2026/07/03   (GMT+8),Spotify,-38989
藜,"NT$2,000.00",Couple's (https://app.notion.com/p/Couple-s-1de52a1550c181d39de7eebc343b38cd?pvs=21),2026/07/03,,6154
"慧通 ","NT$26,328.00",Dream (https://app.notion.com/p/Dream-1de52a1550c180a4bc6eee5e921cbc2d?pvs=21),2026/07/01   (GMT+8),年終獎金,-39512
慧通,"NT$21,473.00",Fixed (https://app.notion.com/p/Fixed-1de52a1550c180f19995d25cbc6f1038?pvs=21),2026/07/01   (GMT+8),,32577
"慧通 ","NT$6,507.00",Dream (https://app.notion.com/p/Dream-1de52a1550c180a4bc6eee5e921cbc2d?pvs=21),2026/07/01   (GMT+8),,-39512
"慧通 ","NT$4,507.00",Savings (https://app.notion.com/p/Savings-1de52a1550c18029b280dc7d9d36cb03?pvs=21),2026/07/01   (GMT+8),,196313
慧通,"NT$5,155.00",Dream (https://app.notion.com/p/Dream-1de52a1550c180a4bc6eee5e921cbc2d?pvs=21),2026/07/01   (GMT+8),,-39512
"慧通 ","NT$15,014.00",General (https://app.notion.com/p/General-1fe52a1550c180d89a84f6b6694a42f5?pvs=21),2026/07/01   (GMT+8),,8468
哥,"NT$3,000.00",Dream (https://app.notion.com/p/Dream-1de52a1550c180a4bc6eee5e921cbc2d?pvs=21),2026/06/29,,-75502
汽車報廢,"NT$7,000.00",Dream (https://app.notion.com/p/Dream-1de52a1550c180a4bc6eee5e921cbc2d?pvs=21),2026/06/05,,-45464
藜,NT$99.00,Dream (https://app.notion.com/p/Dream-1de52a1550c180a4bc6eee5e921cbc2d?pvs=21),2026/06/03   (GMT+8),Spotify,-49619
藜,NT$424.00,Dream (https://app.notion.com/p/Dream-1de52a1550c180a4bc6eee5e921cbc2d?pvs=21),2026/06/03   (GMT+8),Spotify,-49619
藜,"NT$3,000.00",General (https://app.notion.com/p/General-1fe52a1550c180d89a84f6b6694a42f5?pvs=21),2026/06/03   (GMT+8),伙食費,8449
藜,"NT$2,000.00",Couple's (https://app.notion.com/p/Couple-s-1de52a1550c181d39de7eebc343b38cd?pvs=21),2026/06/03,,2154
慧通,"NT$5,155.00",Dream (https://app.notion.com/p/Dream-1de52a1550c180a4bc6eee5e921cbc2d?pvs=21),2026/06/01   (GMT+8),,-49342
"慧通 ","NT$6,507.00",Dream (https://app.notion.com/p/Dream-1de52a1550c180a4bc6eee5e921cbc2d?pvs=21),2026/06/01   (GMT+8),,-49342
"慧通 ","NT$15,014.00",General (https://app.notion.com/p/General-1fe52a1550c180d89a84f6b6694a42f5?pvs=21),2026/06/01   (GMT+8),,5563
慧通,"NT$21,473.00",Fixed (https://app.notion.com/p/Fixed-1de52a1550c180f19995d25cbc6f1038?pvs=21),2026/06/01   (GMT+8),,42413
"慧通 ","NT$4,507.00",Savings (https://app.notion.com/p/Savings-1de52a1550c18029b280dc7d9d36cb03?pvs=21),2026/06/01   (GMT+8),,328006
藜,NT$99.00,Dream (https://app.notion.com/p/Dream-1de52a1550c180a4bc6eee5e921cbc2d?pvs=21),2026/05/03   (GMT+8),Spotify,-30161
藜,NT$424.00,Dream (https://app.notion.com/p/Dream-1de52a1550c180a4bc6eee5e921cbc2d?pvs=21),2026/05/03   (GMT+8),Spotify,-30161
藜,"NT$3,000.00",General (https://app.notion.com/p/General-1fe52a1550c180d89a84f6b6694a42f5?pvs=21),2026/05/03   (GMT+8),伙食費,10388
藜,"NT$2,000.00",Couple's (https://app.notion.com/p/Couple-s-1de52a1550c181d39de7eebc343b38cd?pvs=21),2026/05/03,,-1846
"慧通 ","NT$15,014.00",General (https://app.notion.com/p/General-1fe52a1550c180d89a84f6b6694a42f5?pvs=21),2026/05/01   (GMT+8),,8576
"慧通 ","NT$4,507.00",Savings (https://app.notion.com/p/Savings-1de52a1550c18029b280dc7d9d36cb03?pvs=21),2026/05/01   (GMT+8),,323799
"慧通 ","NT$6,507.00",Dream (https://app.notion.com/p/Dream-1de52a1550c180a4bc6eee5e921cbc2d?pvs=21),2026/05/01   (GMT+8),,-30505
慧通,"NT$21,473.00",Fixed (https://app.notion.com/p/Fixed-1de52a1550c180f19995d25cbc6f1038?pvs=21),2026/05/01   (GMT+8),,50297
慧通,"NT$17,569.00",Investment (https://app.notion.com/p/Investment-1de52a1550c1802c9955ec4b84905202?pvs=21),2026/05/01   (GMT+8),,281692
藜,NT$424.00,Dream (https://app.notion.com/p/Dream-1de52a1550c180a4bc6eee5e921cbc2d?pvs=21),2026/04/03   (GMT+8),Spotify,-4295
藜,NT$99.00,Dream (https://app.notion.com/p/Dream-1de52a1550c180a4bc6eee5e921cbc2d?pvs=21),2026/04/03   (GMT+8),Spotify,-4295
藜,"NT$3,000.00",General (https://app.notion.com/p/General-1fe52a1550c180d89a84f6b6694a42f5?pvs=21),2026/04/03   (GMT+8),伙食費,10277
藜,"NT$2,000.00",Couple's (https://app.notion.com/p/Couple-s-1de52a1550c181d39de7eebc343b38cd?pvs=21),2026/04/03,,-414
"慧通 ","NT$15,014.00",General (https://app.notion.com/p/General-1fe52a1550c180d89a84f6b6694a42f5?pvs=21),2026/04/01   (GMT+8),,10963
慧通,"NT$17,569.00",Investment (https://app.notion.com/p/Investment-1de52a1550c1802c9955ec4b84905202?pvs=21),2026/04/01   (GMT+8),,364123
"慧通 ","NT$4,507.00",Savings (https://app.notion.com/p/Savings-1de52a1550c18029b280dc7d9d36cb03?pvs=21),2026/04/01   (GMT+8),,339832
慧通,"NT$21,473.00",Fixed (https://app.notion.com/p/Fixed-1de52a1550c180f19995d25cbc6f1038?pvs=21),2026/04/01   (GMT+8),,46848
"慧通 ","NT$6,507.00",Dream (https://app.notion.com/p/Dream-1de52a1550c180a4bc6eee5e921cbc2d?pvs=21),2026/04/01   (GMT+8),,-4361
哥,"NT$2,000.00",Dream (https://app.notion.com/p/Dream-1de52a1550c180a4bc6eee5e921cbc2d?pvs=21),2026/03/07,,-14731
藜,"NT$3,000.00",General (https://app.notion.com/p/General-1fe52a1550c180d89a84f6b6694a42f5?pvs=21),2026/03/03   (GMT+8),伙食費,14651
藜,NT$99.00,Dream (https://app.notion.com/p/Dream-1de52a1550c180a4bc6eee5e921cbc2d?pvs=21),2026/03/03   (GMT+8),Spotify,-14322
藜,NT$424.00,Dream (https://app.notion.com/p/Dream-1de52a1550c180a4bc6eee5e921cbc2d?pvs=21),2026/03/03   (GMT+8),Spotify,-14322
藜,"NT$2,000.00",Couple's (https://app.notion.com/p/Couple-s-1de52a1550c181d39de7eebc343b38cd?pvs=21),2026/03/03,,3586
"慧通 ","NT$6,507.00",Dream (https://app.notion.com/p/Dream-1de52a1550c180a4bc6eee5e921cbc2d?pvs=21),2026/03/01   (GMT+8),,-9325
慧通,"NT$21,473.00",Fixed (https://app.notion.com/p/Fixed-1de52a1550c180f19995d25cbc6f1038?pvs=21),2026/03/01   (GMT+8),,43399
慧通,"NT$17,569.00",Investment (https://app.notion.com/p/Investment-1de52a1550c1802c9955ec4b84905202?pvs=21),2026/03/01   (GMT+8),,346554
"慧通 ","NT$4,507.00",Savings (https://app.notion.com/p/Savings-1de52a1550c18029b280dc7d9d36cb03?pvs=21),2026/03/01   (GMT+8),,342615
"慧通 ","NT$15,014.00",General (https://app.notion.com/p/General-1fe52a1550c180d89a84f6b6694a42f5?pvs=21),2026/03/01   (GMT+8),,11651
國泰小數點,"NT$9,000.00",Dream (https://app.notion.com/p/Dream-1de52a1550c180a4bc6eee5e921cbc2d?pvs=21),2026/03/01   (GMT+8),年終獎金,-9325
贏錢,NT$600.00,Dream (https://app.notion.com/p/Dream-1de52a1550c180a4bc6eee5e921cbc2d?pvs=21),2026/02/17,,-20706
哥,"NT$2,000.00",Dream (https://app.notion.com/p/Dream-1de52a1550c180a4bc6eee5e921cbc2d?pvs=21),2026/02/16,,-19956
藜,NT$99.00,Dream (https://app.notion.com/p/Dream-1de52a1550c180a4bc6eee5e921cbc2d?pvs=21),2026/02/03   (GMT+8),Spotify,-791
藜,NT$424.00,Dream (https://app.notion.com/p/Dream-1de52a1550c180a4bc6eee5e921cbc2d?pvs=21),2026/02/03   (GMT+8),Spotify,-791
藜,"NT$3,000.00",General (https://app.notion.com/p/General-1fe52a1550c180d89a84f6b6694a42f5?pvs=21),2026/02/03   (GMT+8),伙食費,14227
慧通,"NT$1,000.00",Dream (https://app.notion.com/p/Dream-1de52a1550c180a4bc6eee5e921cbc2d?pvs=21),2026/02/03,尾牙中獎,-1314
藜,"NT$2,000.00",Couple's (https://app.notion.com/p/Couple-s-1de52a1550c181d39de7eebc343b38cd?pvs=21),2026/02/03,,2714
國泰小數點,"NT$5,000.00",Dream (https://app.notion.com/p/Dream-1de52a1550c180a4bc6eee5e921cbc2d?pvs=21),2026/02/03   (GMT+8),年終獎金,-1314
慧通,"NT$8,510.00",Dream (https://app.notion.com/p/Dream-1de52a1550c180a4bc6eee5e921cbc2d?pvs=21),2026/02/01   (GMT+8),年終獎金,-7314
慧通,"NT$65,070.00",Dream (https://app.notion.com/p/Dream-1de52a1550c180a4bc6eee5e921cbc2d?pvs=21),2026/02/01   (GMT+8),年終獎金,-7314
"慧通 ","NT$15,014.00",General (https://app.notion.com/p/General-1fe52a1550c180d89a84f6b6694a42f5?pvs=21),2026/02/01   (GMT+8),,11302
"慧通 ","NT$6,507.00",Dream (https://app.notion.com/p/Dream-1de52a1550c180a4bc6eee5e921cbc2d?pvs=21),2026/02/01   (GMT+8),,-7314
慧通,"NT$17,569.00",Investment (https://app.notion.com/p/Investment-1de52a1550c1802c9955ec4b84905202?pvs=21),2026/02/01   (GMT+8),,328985
"慧通 ","NT$4,507.00",Savings (https://app.notion.com/p/Savings-1de52a1550c18029b280dc7d9d36cb03?pvs=21),2026/02/01   (GMT+8),,337558
慧通,"NT$21,473.00",Fixed (https://app.notion.com/p/Fixed-1de52a1550c180f19995d25cbc6f1038?pvs=21),2026/02/01   (GMT+8),,39950
媽,"NT$3,000.00",Dream (https://app.notion.com/p/Dream-1de52a1550c180a4bc6eee5e921cbc2d?pvs=21),2026/01/18,,-83693
媽,"NT$2,000.00",Dream (https://app.notion.com/p/Dream-1de52a1550c180a4bc6eee5e921cbc2d?pvs=21),2026/01/18,,-83693
哥,"NT$4,000.00",Dream (https://app.notion.com/p/Dream-1de52a1550c180a4bc6eee5e921cbc2d?pvs=21),2026/01/18,,-83693
藜,"NT$5,000.00",Dream (https://app.notion.com/p/Dream-1de52a1550c180a4bc6eee5e921cbc2d?pvs=21),2026/01/13   (GMT+8),,-82813
藜,"NT$3,000.00",General (https://app.notion.com/p/General-1fe52a1550c180d89a84f6b6694a42f5?pvs=21),2026/01/13   (GMT+8),伙食費,4230
藜,NT$99.00,Dream (https://app.notion.com/p/Dream-1de52a1550c180a4bc6eee5e921cbc2d?pvs=21),2026/01/13   (GMT+8),Spotify,-82813
藜,NT$424.00,Dream (https://app.notion.com/p/Dream-1de52a1550c180a4bc6eee5e921cbc2d?pvs=21),2026/01/13   (GMT+8),Spotify,-82813
藜,"NT$2,000.00",Couple's (https://app.notion.com/p/Couple-s-1de52a1550c181d39de7eebc343b38cd?pvs=21),2026/01/13,,228
爸,"NT$2,500.00",Dream (https://app.notion.com/p/Dream-1de52a1550c180a4bc6eee5e921cbc2d?pvs=21),2026/01/05,,-107244
媽,"NT$3,000.00",Dream (https://app.notion.com/p/Dream-1de52a1550c180a4bc6eee5e921cbc2d?pvs=21),2026/01/05,,-107244
哥,"NT$2,000.00",Dream (https://app.notion.com/p/Dream-1de52a1550c180a4bc6eee5e921cbc2d?pvs=21),2026/01/05,,-107244
慧通,"NT$14,665.00",Dream (https://app.notion.com/p/Dream-1de52a1550c180a4bc6eee5e921cbc2d?pvs=21),2026/01/02   (GMT+8),11月加班,-66588
"慧通 ","NT$6,507.00",Dream (https://app.notion.com/p/Dream-1de52a1550c180a4bc6eee5e921cbc2d?pvs=21),2026/01/01   (GMT+8),,-59675
慧通,"NT$17,569.00",Investment (https://app.notion.com/p/Investment-1de52a1550c1802c9955ec4b84905202?pvs=21),2026/01/01   (GMT+8),,361416
慧通,"NT$21,473.00",Fixed (https://app.notion.com/p/Fixed-1de52a1550c180f19995d25cbc6f1038?pvs=21),2026/01/01   (GMT+8),,36501
"慧通 ","NT$15,014.00",General (https://app.notion.com/p/General-1fe52a1550c180d89a84f6b6694a42f5?pvs=21),2026/01/01   (GMT+8),,15612
"慧通 ","NT$4,507.00",Savings (https://app.notion.com/p/Savings-1de52a1550c18029b280dc7d9d36cb03?pvs=21),2026/01/01   (GMT+8),,331051
藜,"NT$18,000.00",Dream (https://app.notion.com/p/Dream-1de52a1550c180a4bc6eee5e921cbc2d?pvs=21),2025/12/28   (GMT+8),,-1616
媽,"NT$2,600.00",Dream (https://app.notion.com/p/Dream-1de52a1550c180a4bc6eee5e921cbc2d?pvs=21),2025/12/06,台北之旅司機,-1650
藜,NT$424.00,Dream (https://app.notion.com/p/Dream-1de52a1550c180a4bc6eee5e921cbc2d?pvs=21),2025/12/03   (GMT+8),Spotify,-2970
藜,"NT$3,000.00",General (https://app.notion.com/p/General-1fe52a1550c180d89a84f6b6694a42f5?pvs=21),2025/12/03   (GMT+8),伙食費,16535
藜,NT$99.00,Dream (https://app.notion.com/p/Dream-1de52a1550c180a4bc6eee5e921cbc2d?pvs=21),2025/12/03   (GMT+8),Spotify,-2970
藜,"NT$2,000.00",Couple's (https://app.notion.com/p/Couple-s-1de52a1550c181d39de7eebc343b38cd?pvs=21),2025/12/03,,7834
慧通,"NT$5,792.00",Dream (https://app.notion.com/p/Dream-1de52a1550c180a4bc6eee5e921cbc2d?pvs=21),2025/12/01   (GMT+8),10月加班,-3493
慧通,"NT$17,569.00",Investment (https://app.notion.com/p/Investment-1de52a1550c1802c9955ec4b84905202?pvs=21),2025/12/01   (GMT+8),,343847
"慧通 ","NT$6,507.00",Dream (https://app.notion.com/p/Dream-1de52a1550c180a4bc6eee5e921cbc2d?pvs=21),2025/12/01   (GMT+8),,-3493
"慧通 ","NT$15,014.00",General (https://app.notion.com/p/General-1fe52a1550c180d89a84f6b6694a42f5?pvs=21),2025/12/01   (GMT+8),,13969
慧通,"NT$21,473.00",Fixed (https://app.notion.com/p/Fixed-1de52a1550c180f19995d25cbc6f1038?pvs=21),2025/12/01   (GMT+8),,33006
"慧通 ","NT$4,507.00",Savings (https://app.notion.com/p/Savings-1de52a1550c18029b280dc7d9d36cb03?pvs=21),2025/12/01   (GMT+8),,326164
普發,"NT$10,000.00",Dream (https://app.notion.com/p/Dream-1de52a1550c180a4bc6eee5e921cbc2d?pvs=21),2025/11/13,,-5874
藜,"NT$3,000.00",General (https://app.notion.com/p/General-1fe52a1550c180d89a84f6b6694a42f5?pvs=21),2025/11/03   (GMT+8),伙食費,12642
藜,NT$99.00,Dream (https://app.notion.com/p/Dream-1de52a1550c180a4bc6eee5e921cbc2d?pvs=21),2025/11/03   (GMT+8),Spotify,-12073
藜,NT$424.00,Dream (https://app.notion.com/p/Dream-1de52a1550c180a4bc6eee5e921cbc2d?pvs=21),2025/11/03   (GMT+8),Spotify,-12073
藜,"NT$2,000.00",Couple's (https://app.notion.com/p/Couple-s-1de52a1550c181d39de7eebc343b38cd?pvs=21),2025/11/03,,6684
慧通,"NT$21,473.00",Fixed (https://app.notion.com/p/Fixed-1de52a1550c180f19995d25cbc6f1038?pvs=21),2025/11/01   (GMT+8),,29511
"慧通 ","NT$15,014.00",General (https://app.notion.com/p/General-1fe52a1550c180d89a84f6b6694a42f5?pvs=21),2025/11/01   (GMT+8),,11507
慧通,"NT$17,569.00",Investment (https://app.notion.com/p/Investment-1de52a1550c1802c9955ec4b84905202?pvs=21),2025/11/01   (GMT+8),,326278
"慧通 ","NT$4,507.00",Savings (https://app.notion.com/p/Savings-1de52a1550c18029b280dc7d9d36cb03?pvs=21),2025/11/01   (GMT+8),,323157
"慧通 ","NT$6,507.00",Dream (https://app.notion.com/p/Dream-1de52a1550c180a4bc6eee5e921cbc2d?pvs=21),2025/11/01   (GMT+8),,-12596
藜,NT$424.00,Dream (https://app.notion.com/p/Dream-1de52a1550c180a4bc6eee5e921cbc2d?pvs=21),2025/10/03   (GMT+8),Spotify,-1999
藜,"NT$3,000.00",General (https://app.notion.com/p/General-1fe52a1550c180d89a84f6b6694a42f5?pvs=21),2025/10/03   (GMT+8),伙食費,19015
藜,NT$99.00,Dream (https://app.notion.com/p/Dream-1de52a1550c180a4bc6eee5e921cbc2d?pvs=21),2025/10/03   (GMT+8),Spotify,-1999
藜,"NT$2,000.00",Couple's (https://app.notion.com/p/Couple-s-1de52a1550c181d39de7eebc343b38cd?pvs=21),2025/10/03,,3784
慧通,"NT$21,814.00",Dream (https://app.notion.com/p/Dream-1de52a1550c180a4bc6eee5e921cbc2d?pvs=21),2025/10/02   (GMT+8),,458
慧通,"NT$10,721.00",General (https://app.notion.com/p/General-1fe52a1550c180d89a84f6b6694a42f5?pvs=21),2025/10/02   (GMT+8),,16200
慧通,"NT$21,473.00",Fixed (https://app.notion.com/p/Fixed-1de52a1550c180f19995d25cbc6f1038?pvs=21),2025/10/01   (GMT+8),,26016
"慧通 ","NT$6,507.00",Dream (https://app.notion.com/p/Dream-1de52a1550c180a4bc6eee5e921cbc2d?pvs=21),2025/10/01   (GMT+8),,-21356
"慧通 ","NT$15,014.00",General (https://app.notion.com/p/General-1fe52a1550c180d89a84f6b6694a42f5?pvs=21),2025/10/01   (GMT+8),,5849
"慧通 ","NT$4,507.00",Savings (https://app.notion.com/p/Savings-1de52a1550c18029b280dc7d9d36cb03?pvs=21),2025/10/01   (GMT+8),,321648
慧通,"NT$17,569.00",Investment (https://app.notion.com/p/Investment-1de52a1550c1802c9955ec4b84905202?pvs=21),2025/10/01,,308709
藜,NT$424.00,Dream (https://app.notion.com/p/Dream-1de52a1550c180a4bc6eee5e921cbc2d?pvs=21),2025/09/03   (GMT+8),Spotify,-19799
藜,"NT$3,000.00",General (https://app.notion.com/p/General-1fe52a1550c180d89a84f6b6694a42f5?pvs=21),2025/09/03   (GMT+8),伙食費,9859
藜,NT$99.00,Dream (https://app.notion.com/p/Dream-1de52a1550c180a4bc6eee5e921cbc2d?pvs=21),2025/09/03   (GMT+8),Spotify,-19799
藜,"NT$2,000.00",Couple's (https://app.notion.com/p/Couple-s-1de52a1550c181d39de7eebc343b38cd?pvs=21),2025/09/03,,1452
慧通,"NT$17,569.00",Investment (https://app.notion.com/p/Investment-1de52a1550c1802c9955ec4b84905202?pvs=21),2025/09/01   (GMT+8),,291140
慧通,"NT$21,473.00",Fixed (https://app.notion.com/p/Fixed-1de52a1550c180f19995d25cbc6f1038?pvs=21),2025/09/01   (GMT+8),,36262
"慧通 ","NT$6,507.00",Dream (https://app.notion.com/p/Dream-1de52a1550c180a4bc6eee5e921cbc2d?pvs=21),2025/09/01   (GMT+8),,-21385
"慧通 ","NT$15,014.00",General (https://app.notion.com/p/General-1fe52a1550c180d89a84f6b6694a42f5?pvs=21),2025/09/01   (GMT+8),,7388
"慧通 ","NT$4,507.00",Savings (https://app.notion.com/p/Savings-1de52a1550c18029b280dc7d9d36cb03?pvs=21),2025/09/01   (GMT+8),,315141
藜,NT$424.00,Dream (https://app.notion.com/p/Dream-1de52a1550c180a4bc6eee5e921cbc2d?pvs=21),2025/08/03   (GMT+8),Spotify,-2285
藜,NT$99.00,Dream (https://app.notion.com/p/Dream-1de52a1550c180a4bc6eee5e921cbc2d?pvs=21),2025/08/03   (GMT+8),Spotify,-2285
藜,"NT$3,000.00",General (https://app.notion.com/p/General-1fe52a1550c180d89a84f6b6694a42f5?pvs=21),2025/08/03   (GMT+8),伙食費,14016
藜,"NT$2,000.00",Couple's (https://app.notion.com/p/Couple-s-1de52a1550c181d39de7eebc343b38cd?pvs=21),2025/08/03,,-1628
"慧通 ","NT$6,507.00",Dream (https://app.notion.com/p/Dream-1de52a1550c180a4bc6eee5e921cbc2d?pvs=21),2025/08/01   (GMT+8),,-2808
慧通,"NT$21,473.00",Fixed (https://app.notion.com/p/Fixed-1de52a1550c180f19995d25cbc6f1038?pvs=21),2025/08/01   (GMT+8),,25517
"慧通 ","NT$4,507.00",Savings (https://app.notion.com/p/Savings-1de52a1550c18029b280dc7d9d36cb03?pvs=21),2025/08/01   (GMT+8),,312134
"慧通 ","NT$15,014.00",General (https://app.notion.com/p/General-1fe52a1550c180d89a84f6b6694a42f5?pvs=21),2025/08/01   (GMT+8),,12519
慧通,"NT$17,569.00",Investment (https://app.notion.com/p/Investment-1de52a1550c1802c9955ec4b84905202?pvs=21),2025/08/01   (GMT+8),,273571
媽,"NT$2,500.00",Dream (https://app.notion.com/p/Dream-1de52a1550c180a4bc6eee5e921cbc2d?pvs=21),2025/07/05,,-1757
藜,NT$424.00,Dream (https://app.notion.com/p/Dream-1de52a1550c180a4bc6eee5e921cbc2d?pvs=21),2025/07/03   (GMT+8),Spotify,-2593
藜,"NT$3,000.00",General (https://app.notion.com/p/General-1fe52a1550c180d89a84f6b6694a42f5?pvs=21),2025/07/03   (GMT+8),伙食費,12877
藜,NT$99.00,Dream (https://app.notion.com/p/Dream-1de52a1550c180a4bc6eee5e921cbc2d?pvs=21),2025/07/03   (GMT+8),Spotify,-2593
藜,"NT$2,000.00",Couple's (https://app.notion.com/p/Couple-s-1de52a1550c181d39de7eebc343b38cd?pvs=21),2025/07/03,,-2976
"慧通 ","NT$4,507.00",Savings (https://app.notion.com/p/Savings-1de52a1550c18029b280dc7d9d36cb03?pvs=21),2025/07/01   (GMT+8),,355042
慧通,"NT$17,569.00",Investment (https://app.notion.com/p/Investment-1de52a1550c1802c9955ec4b84905202?pvs=21),2025/07/01   (GMT+8),,306002
"慧通 ","NT$6,507.00",Dream (https://app.notion.com/p/Dream-1de52a1550c180a4bc6eee5e921cbc2d?pvs=21),2025/07/01   (GMT+8),,-3116
"慧通 ","NT$15,014.00",General (https://app.notion.com/p/General-1fe52a1550c180d89a84f6b6694a42f5?pvs=21),2025/07/01   (GMT+8),,10695
慧通,"NT$21,473.00",Fixed (https://app.notion.com/p/Fixed-1de52a1550c180f19995d25cbc6f1038?pvs=21),2025/07/01   (GMT+8),,22202
"慧通 ","NT$9,141.00",Dream (https://app.notion.com/p/Dream-1de52a1550c180a4bc6eee5e921cbc2d?pvs=21),2025/07/01,,-9623
藜,NT$424.00,Dream (https://app.notion.com/p/Dream-1de52a1550c180a4bc6eee5e921cbc2d?pvs=21),2025/06/03   (GMT+8),Spotify,-15576
藜,NT$99.00,Dream (https://app.notion.com/p/Dream-1de52a1550c180a4bc6eee5e921cbc2d?pvs=21),2025/06/03   (GMT+8),Spotify,-16000
藜,"NT$3,000.00",General (https://app.notion.com/p/General-1fe52a1550c180d89a84f6b6694a42f5?pvs=21),2025/06/03   (GMT+8),伙食費,15925
藜,"NT$2,000.00",Couple's (https://app.notion.com/p/Couple-s-1de52a1550c181d39de7eebc343b38cd?pvs=21),2025/06/03,,2774
慧通,"NT$17,569.00",Investment (https://app.notion.com/p/Investment-1de52a1550c1802c9955ec4b84905202?pvs=21),2025/06/01   (GMT+8),,288433
慧通,"NT$21,473.00",Fixed (https://app.notion.com/p/Fixed-1de52a1550c180f19995d25cbc6f1038?pvs=21),2025/06/01   (GMT+8),,49827
"慧通 ","NT$4,507.00",Savings (https://app.notion.com/p/Savings-1de52a1550c18029b280dc7d9d36cb03?pvs=21),2025/06/01   (GMT+8),,350535
"慧通 ","NT$6,507.00",Dream (https://app.notion.com/p/Dream-1de52a1550c180a4bc6eee5e921cbc2d?pvs=21),2025/06/01   (GMT+8),,-16099
"慧通 ","NT$15,014.00",General (https://app.notion.com/p/General-1fe52a1550c180d89a84f6b6694a42f5?pvs=21),2025/06/01   (GMT+8),,13691
慧通,"NT$3,532.00",Dream (https://app.notion.com/p/Dream-1de52a1550c180a4bc6eee5e921cbc2d?pvs=21),2025/06/01,,-22606
慧通,"NT$32,535.00",Dream (https://app.notion.com/p/Dream-1de52a1550c180a4bc6eee5e921cbc2d?pvs=21),2025/06/01,,-22606
藜,NT$99.00,General (https://app.notion.com/p/General-1fe52a1550c180d89a84f6b6694a42f5?pvs=21),2025/05/03   (GMT+8),Spotify,23953
藜,NT$424.00,Dream (https://app.notion.com/p/Dream-1de52a1550c180a4bc6eee5e921cbc2d?pvs=21),2025/05/03   (GMT+8),網路費,-46422
藜,"NT$3,000.00",General (https://app.notion.com/p/General-1fe52a1550c180d89a84f6b6694a42f5?pvs=21),2025/05/03   (GMT+8),伙食費,23854
藜,"NT$2,000.00",Couple's (https://app.notion.com/p/Couple-s-1de52a1550c181d39de7eebc343b38cd?pvs=21),2025/05/03,,2617
"慧通 ","NT$4,507.00",Savings (https://app.notion.com/p/Savings-1de52a1550c18029b280dc7d9d36cb03?pvs=21),2025/05/02   (GMT+8),,346028
"慧通 ","NT$6,507.00",Dream (https://app.notion.com/p/Dream-1de52a1550c180a4bc6eee5e921cbc2d?pvs=21),2025/05/02   (GMT+8),,-45097
"慧通 ","NT$15,014.00",General (https://app.notion.com/p/General-1fe52a1550c180d89a84f6b6694a42f5?pvs=21),2025/05/02   (GMT+8),,20944
慧通,"NT$21,473.00",Fixed (https://app.notion.com/p/Fixed-1de52a1550c180f19995d25cbc6f1038?pvs=21),2025/05/02   (GMT+8),,45637
慧通,"NT$17,569.00",Investment (https://app.notion.com/p/Investment-1de52a1550c1802c9955ec4b84905202?pvs=21),2025/05/02,,338970
藜,"NT$2,000.00",Couple's (https://app.notion.com/p/Couple-s-1de52a1550c181d39de7eebc343b38cd?pvs=21),2025/04/13,,-201
Spotify月費,NT$99.00,General (https://app.notion.com/p/General-1fe52a1550c180d89a84f6b6694a42f5?pvs=21),2025/04/13,,19342
網路費,NT$424.00,General (https://app.notion.com/p/General-1fe52a1550c180d89a84f6b6694a42f5?pvs=21),2025/04/13,,19342
藜伙食,"NT$3,000.00",General (https://app.notion.com/p/General-1fe52a1550c180d89a84f6b6694a42f5?pvs=21),2025/04/13,,19342
慧通,"NT$4,507.00",Savings (https://app.notion.com/p/Savings-1de52a1550c18029b280dc7d9d36cb03?pvs=21),2025/04/01,,341521
慧通,"NT$6,507.00",Dream (https://app.notion.com/p/Dream-1de52a1550c180a4bc6eee5e921cbc2d?pvs=21),2025/04/01,,-42718
慧通,"NT$15,014.00",General (https://app.notion.com/p/General-1fe52a1550c180d89a84f6b6694a42f5?pvs=21),2025/04/01,,24757
慧通,"NT$21,473.00",Fixed (https://app.notion.com/p/Fixed-1de52a1550c180f19995d25cbc6f1038?pvs=21),2025/04/01,,36095
慧通,"NT$17,569.00",Investment (https://app.notion.com/p/Investment-1de52a1550c1802c9955ec4b84905202?pvs=21),2025/04/01,,321401
Spotify月費,NT$99.00,General (https://app.notion.com/p/General-1fe52a1550c180d89a84f6b6694a42f5?pvs=21),2025/03/03,,21614
網路費,NT$424.00,Dream (https://app.notion.com/p/Dream-1de52a1550c180a4bc6eee5e921cbc2d?pvs=21),2025/03/03,,-23290
藜伙食,"NT$3,000.00",General (https://app.notion.com/p/General-1fe52a1550c180d89a84f6b6694a42f5?pvs=21),2025/03/03,,21614
慧通,"NT$4,507.00",Savings (https://app.notion.com/p/Savings-1de52a1550c18029b280dc7d9d36cb03?pvs=21),2025/03/01,,337014
慧通,"NT$15,014.00",General (https://app.notion.com/p/General-1fe52a1550c180d89a84f6b6694a42f5?pvs=21),2025/03/01,,18745
慧通,"NT$6,507.00",Dream (https://app.notion.com/p/Dream-1de52a1550c180a4bc6eee5e921cbc2d?pvs=21),2025/03/01,,-23714
慧通,"NT$21,473.00",Fixed (https://app.notion.com/p/Fixed-1de52a1550c180f19995d25cbc6f1038?pvs=21),2025/03/01,,32553
慧通,"NT$17,569.00",Investment (https://app.notion.com/p/Investment-1de52a1550c1802c9955ec4b84905202?pvs=21),2025/03/01,,303832
藜,NT$784.00,Dream (https://app.notion.com/p/Dream-1de52a1550c180a4bc6eee5e921cbc2d?pvs=21),2025/02/22,,-27934
Spotify月費,NT$99.00,General (https://app.notion.com/p/General-1fe52a1550c180d89a84f6b6694a42f5?pvs=21),2025/02/04,,20601
網路費,NT$424.00,Dream (https://app.notion.com/p/Dream-1de52a1550c180a4bc6eee5e921cbc2d?pvs=21),2025/02/04,,-16287
藜,"NT$2,000.00",Couple's (https://app.notion.com/p/Couple-s-1de52a1550c181d39de7eebc343b38cd?pvs=21),2025/02/04,,1473
藜伙食,"NT$3,000.00",General (https://app.notion.com/p/General-1fe52a1550c180d89a84f6b6694a42f5?pvs=21),2025/02/04,,20601
藜,"NT$1,200.00",Dream (https://app.notion.com/p/Dream-1de52a1550c180a4bc6eee5e921cbc2d?pvs=21),2025/02/02,,-16711
藜,NT$500.00,Dream (https://app.notion.com/p/Dream-1de52a1550c180a4bc6eee5e921cbc2d?pvs=21),2025/02/02,,-16711
慧通,"NT$4,507.00",Savings (https://app.notion.com/p/Savings-1de52a1550c18029b280dc7d9d36cb03?pvs=21),2025/02/01,,332507
慧通,"NT$6,507.00",Dream (https://app.notion.com/p/Dream-1de52a1550c180a4bc6eee5e921cbc2d?pvs=21),2025/02/01,,-9098
慧通,"NT$15,014.00",General (https://app.notion.com/p/General-1fe52a1550c180d89a84f6b6694a42f5?pvs=21),2025/02/01,,18988
慧通,"NT$17,569.00",Investment (https://app.notion.com/p/Investment-1de52a1550c1802c9955ec4b84905202?pvs=21),2025/02/01,,286263
慧通,"NT$21,473.00",Fixed (https://app.notion.com/p/Fixed-1de52a1550c180f19995d25cbc6f1038?pvs=21),2025/02/01,,29011
加油費,NT$750.00,Dream (https://app.notion.com/p/Dream-1de52a1550c180a4bc6eee5e921cbc2d?pvs=21),2025/01/29,,-13428
藜,NT$900.00,Dream (https://app.notion.com/p/Dream-1de52a1550c180a4bc6eee5e921cbc2d?pvs=21),2025/01/29,,-13428
紅包,"NT$1,000.00",Dream (https://app.notion.com/p/Dream-1de52a1550c180a4bc6eee5e921cbc2d?pvs=21),2025/01/28,,-13210
慧通,"NT$51,736.00",Dream (https://app.notion.com/p/Dream-1de52a1550c180a4bc6eee5e921cbc2d?pvs=21),2025/01/24,,-10612
網路費,NT$424.00,General (https://app.notion.com/p/General-1fe52a1550c180d89a84f6b6694a42f5?pvs=21),2025/01/04,,17128
Spotify月費,NT$99.00,General (https://app.notion.com/p/General-1fe52a1550c180d89a84f6b6694a42f5?pvs=21),2025/01/04,,17128
藜,"NT$2,000.00",Couple's (https://app.notion.com/p/Couple-s-1de52a1550c181d39de7eebc343b38cd?pvs=21),2025/01/04,,2296
Costco,NT$489.00,Dream (https://app.notion.com/p/Dream-1de52a1550c180a4bc6eee5e921cbc2d?pvs=21),2025/01/04,,-22303
Costco,"NT$1,586.00",General (https://app.notion.com/p/General-1fe52a1550c180d89a84f6b6694a42f5?pvs=21),2025/01/04,,17128
藜伙食,"NT$3,000.00",General (https://app.notion.com/p/General-1fe52a1550c180d89a84f6b6694a42f5?pvs=21),2025/01/04,,17128
慧通,"NT$4,507.00",Savings (https://app.notion.com/p/Savings-1de52a1550c18029b280dc7d9d36cb03?pvs=21),2025/01/01,,328000
慧通,"NT$15,014.00",General (https://app.notion.com/p/General-1fe52a1550c180d89a84f6b6694a42f5?pvs=21),2025/01/01,,14924
慧通,"NT$6,507.00",Dream (https://app.notion.com/p/Dream-1de52a1550c180a4bc6eee5e921cbc2d?pvs=21),2025/01/01,,-39183
慧通,"NT$21,473.00",Fixed (https://app.notion.com/p/Fixed-1de52a1550c180f19995d25cbc6f1038?pvs=21),2025/01/01,,25469
慧通,"NT$17,569.00",Investment (https://app.notion.com/p/Investment-1de52a1550c1802c9955ec4b84905202?pvs=21),2025/01/01,,268694
Spotify月費,NT$99.00,General (https://app.notion.com/p/General-1fe52a1550c180d89a84f6b6694a42f5?pvs=21),2024/12/03,,659
網路費,NT$424.00,General (https://app.notion.com/p/General-1fe52a1550c180d89a84f6b6694a42f5?pvs=21),2024/12/03,,659
藜伙食,"NT$3,000.00",General (https://app.notion.com/p/General-1fe52a1550c180d89a84f6b6694a42f5?pvs=21),2024/12/03,,659
藜,"NT$2,000.00",Couple's (https://app.notion.com/p/Couple-s-1de52a1550c181d39de7eebc343b38cd?pvs=21),2024/12/03,,8611
慧通,"NT$6,507.00",Savings (https://app.notion.com/p/Savings-1de52a1550c18029b280dc7d9d36cb03?pvs=21),2024/12/02,,374425
慧通,"NT$13,014.00",General (https://app.notion.com/p/General-1fe52a1550c180d89a84f6b6694a42f5?pvs=21),2024/12/02,,-2864
慧通,"NT$6,507.00",Dream (https://app.notion.com/p/Dream-1de52a1550c180a4bc6eee5e921cbc2d?pvs=21),2024/12/02,,138139
慧通,"NT$19,521.00",Fixed (https://app.notion.com/p/Fixed-1de52a1550c180f19995d25cbc6f1038?pvs=21),2024/12/02,,21882
慧通,"NT$19,521.00",Investment (https://app.notion.com/p/Investment-1de52a1550c1802c9955ec4b84905202?pvs=21),2024/12/02,,331125
媽,"NT$3,000.00",General (https://app.notion.com/p/General-1fe52a1550c180d89a84f6b6694a42f5?pvs=21),2024/11/17,,-6412
網路費,NT$424.00,General (https://app.notion.com/p/General-1fe52a1550c180d89a84f6b6694a42f5?pvs=21),2024/11/03,,180
Spotify月費,NT$99.00,General (https://app.notion.com/p/General-1fe52a1550c180d89a84f6b6694a42f5?pvs=21),2024/11/03,,180
藜約會基金,"NT$2,000.00",Couple's (https://app.notion.com/p/Couple-s-1de52a1550c181d39de7eebc343b38cd?pvs=21),2024/11/03,,4611
水電費,"NT$2,046.00",General (https://app.notion.com/p/General-1fe52a1550c180d89a84f6b6694a42f5?pvs=21),2024/11/03,,180
藜伙食,"NT$3,000.00",General (https://app.notion.com/p/General-1fe52a1550c180d89a84f6b6694a42f5?pvs=21),2024/11/03,,180
慧通,"NT$6,507.00",Savings (https://app.notion.com/p/Savings-1de52a1550c18029b280dc7d9d36cb03?pvs=21),2024/11/01,,370418
慧通,"NT$6,507.00",Dream (https://app.notion.com/p/Dream-1de52a1550c180a4bc6eee5e921cbc2d?pvs=21),2024/11/01,,133028
慧通,"NT$13,014.00",General (https://app.notion.com/p/General-1fe52a1550c180d89a84f6b6694a42f5?pvs=21),2024/11/01,,-5349
慧通,"NT$19,521.00",Fixed (https://app.notion.com/p/Fixed-1de52a1550c180f19995d25cbc6f1038?pvs=21),2024/11/01,,23747
慧通,"NT$19,521.00",Investment (https://app.notion.com/p/Investment-1de52a1550c1802c9955ec4b84905202?pvs=21),2024/11/01,,311604
Spotify月費,NT$99.00,General (https://app.notion.com/p/General-1fe52a1550c180d89a84f6b6694a42f5?pvs=21),2024/10/06,,2194
網路費,NT$424.00,General (https://app.notion.com/p/General-1fe52a1550c180d89a84f6b6694a42f5?pvs=21),2024/10/06,,2194
藜約會基金,"NT$2,000.00",Couple's (https://app.notion.com/p/Couple-s-1de52a1550c181d39de7eebc343b38cd?pvs=21),2024/10/06,,4000
藜伙食,"NT$3,000.00",General (https://app.notion.com/p/General-1fe52a1550c180d89a84f6b6694a42f5?pvs=21),2024/10/06,,2194
慧通,"NT$6,507.00",Savings (https://app.notion.com/p/Savings-1de52a1550c18029b280dc7d9d36cb03?pvs=21),2024/10/01,,366411
慧通,"NT$6,507.00",Dream (https://app.notion.com/p/Dream-1de52a1550c180a4bc6eee5e921cbc2d?pvs=21),2024/10/01,,10998
慧通,"NT$13,014.00",General (https://app.notion.com/p/General-1fe52a1550c180d89a84f6b6694a42f5?pvs=21),2024/10/01,,1078
慧通,"NT$19,521.00",Fixed (https://app.notion.com/p/Fixed-1de52a1550c180f19995d25cbc6f1038?pvs=21),2024/10/01,,13612
慧通,"NT$19,521.00",Investment (https://app.notion.com/p/Investment-1de52a1550c1802c9955ec4b84905202?pvs=21),2024/10/01,,292083
Spotify月費,NT$99.00,General (https://app.notion.com/p/General-1fe52a1550c180d89a84f6b6694a42f5?pvs=21),2024/09/03,,7527
網路費,NT$424.00,General (https://app.notion.com/p/General-1fe52a1550c180d89a84f6b6694a42f5?pvs=21),2024/09/03,,7527
藜伙食,"NT$3,000.00",General (https://app.notion.com/p/General-1fe52a1550c180d89a84f6b6694a42f5?pvs=21),2024/09/03,,7527
慧通,"NT$13,014.00",Dream (https://app.notion.com/p/Dream-1de52a1550c180a4bc6eee5e921cbc2d?pvs=21),2024/09/02,,16199
慧通,"NT$13,014.00",Investment (https://app.notion.com/p/Investment-1de52a1550c1802c9955ec4b84905202?pvs=21),2024/09/02,,272562
慧通,"NT$6,507.00",Savings (https://app.notion.com/p/Savings-1de52a1550c18029b280dc7d9d36cb03?pvs=21),2024/09/02,,362404
慧通,"NT$6,507.00",Savings (https://app.notion.com/p/Savings-1de52a1550c18029b280dc7d9d36cb03?pvs=21),2024/09/02,,362404
慧通,"NT$6,507.00",Dream (https://app.notion.com/p/Dream-1de52a1550c180a4bc6eee5e921cbc2d?pvs=21),2024/09/02,,16199
慧通,"NT$13,014.00",General (https://app.notion.com/p/General-1fe52a1550c180d89a84f6b6694a42f5?pvs=21),2024/09/02,,4352
慧通,"NT$19,521.00",Fixed (https://app.notion.com/p/Fixed-1de52a1550c180f19995d25cbc6f1038?pvs=21),2024/09/02,,9477
慧通,"NT$19,521.00",Investment (https://app.notion.com/p/Investment-1de52a1550c1802c9955ec4b84905202?pvs=21),2024/09/02,,272562
藜約會帳戶,"NT$2,674.00",Couple's (https://app.notion.com/p/Couple-s-1de52a1550c181d39de7eebc343b38cd?pvs=21),2024/09/02,,-7168
新臺馬,"NT$3,150.00",Couple's (https://app.notion.com/p/Couple-s-1de52a1550c181d39de7eebc343b38cd?pvs=21),2024/08/21,,1252
藜伙食,"NT$3,000.00",General (https://app.notion.com/p/General-1fe52a1550c180d89a84f6b6694a42f5?pvs=21),2024/08/20,,3426
網路費,NT$424.00,General (https://app.notion.com/p/General-1fe52a1550c180d89a84f6b6694a42f5?pvs=21),2024/08/20,,3426
Spotify月費,NT$99.00,General (https://app.notion.com/p/General-1fe52a1550c180d89a84f6b6694a42f5?pvs=21),2024/08/20,,3426
水電,"NT$2,502.00",General (https://app.notion.com/p/General-1fe52a1550c180d89a84f6b6694a42f5?pvs=21),2024/08/20,,3426
慧通,"NT$6,507.00",Savings (https://app.notion.com/p/Savings-1de52a1550c18029b280dc7d9d36cb03?pvs=21),2024/08/01,,351890
慧通,"NT$6,507.00",Dream (https://app.notion.com/p/Dream-1de52a1550c180a4bc6eee5e921cbc2d?pvs=21),2024/08/01,,32279
慧通,"NT$19,521.00",Fixed (https://app.notion.com/p/Fixed-1de52a1550c180f19995d25cbc6f1038?pvs=21),2024/08/01,,18583
慧通,"NT$19,521.00",Investment (https://app.notion.com/p/Investment-1de52a1550c1802c9955ec4b84905202?pvs=21),2024/08/01,,240027
慧通,"NT$13,014.00",General (https://app.notion.com/p/General-1fe52a1550c180d89a84f6b6694a42f5?pvs=21),2024/08/01,,7914
網路費,NT$424.00,General (https://app.notion.com/p/General-1fe52a1550c180d89a84f6b6694a42f5?pvs=21),2024/07/10,,10051
Spotify月費,NT$99.00,General (https://app.notion.com/p/General-1fe52a1550c180d89a84f6b6694a42f5?pvs=21),2024/07/10,,10051
藜伙食,"NT$3,000.00",General (https://app.notion.com/p/General-1fe52a1550c180d89a84f6b6694a42f5?pvs=21),2024/07/10,,10051
慧通,"NT$13,014.00",General (https://app.notion.com/p/General-1fe52a1550c180d89a84f6b6694a42f5?pvs=21),2024/07/01,,9196
慧通,"NT$19,521.00",Investment (https://app.notion.com/p/Investment-1de52a1550c1802c9955ec4b84905202?pvs=21),2024/07/01,,220506
慧通,"NT$6,507.00",Savings (https://app.notion.com/p/Savings-1de52a1550c18029b280dc7d9d36cb03?pvs=21),2024/07/01,,347883
慧通,"NT$19,521.00",Fixed (https://app.notion.com/p/Fixed-1de52a1550c180f19995d25cbc6f1038?pvs=21),2024/07/01,,20628
慧通,"NT$6,507.00",Dream (https://app.notion.com/p/Dream-1de52a1550c180a4bc6eee5e921cbc2d?pvs=21),2024/07/01,,45718
Spotify月費,NT$99.00,General (https://app.notion.com/p/General-1fe52a1550c180d89a84f6b6694a42f5?pvs=21),2024/06/10,,10177
網路費,NT$424.00,General (https://app.notion.com/p/General-1fe52a1550c180d89a84f6b6694a42f5?pvs=21),2024/06/10,,10177
藜伙食,"NT$3,000.00",General (https://app.notion.com/p/General-1fe52a1550c180d89a84f6b6694a42f5?pvs=21),2024/06/10,,10177
慧通,"NT$13,014.00",General (https://app.notion.com/p/General-1fe52a1550c180d89a84f6b6694a42f5?pvs=21),2024/06/03,,10181
慧通,"NT$19,521.00",Investment (https://app.notion.com/p/Investment-1de52a1550c1802c9955ec4b84905202?pvs=21),2024/06/03,,200985
慧通,"NT$19,521.00",Fixed (https://app.notion.com/p/Fixed-1de52a1550c180f19995d25cbc6f1038?pvs=21),2024/06/03,,47262
慧通,"NT$6,507.00",Savings (https://app.notion.com/p/Savings-1de52a1550c18029b280dc7d9d36cb03?pvs=21),2024/06/03,,343876
慧通,"NT$6,507.00",Dream (https://app.notion.com/p/Dream-1de52a1550c180a4bc6eee5e921cbc2d?pvs=21),2024/06/03,,49500
慧通,"NT$6,187.00",Dream (https://app.notion.com/p/Dream-1de52a1550c180a4bc6eee5e921cbc2d?pvs=21),2024/06/03,,49500
慧通,"NT$6,187.00",Investment (https://app.notion.com/p/Investment-1de52a1550c1802c9955ec4b84905202?pvs=21),2024/06/03,,200985
慧通,"NT$3,093.00",Savings (https://app.notion.com/p/Savings-1de52a1550c18029b280dc7d9d36cb03?pvs=21),2024/06/03,,343876
醫療險保費,"NT$13,000.00",Fixed (https://app.notion.com/p/Fixed-1de52a1550c180f19995d25cbc6f1038?pvs=21),2024/06/01,,35877
媽贊助,"NT$10,000.00",Dream (https://app.notion.com/p/Dream-1de52a1550c180a4bc6eee5e921cbc2d?pvs=21),2024/05/19,,59318
Spotify月費,NT$99.00,General (https://app.notion.com/p/General-1fe52a1550c180d89a84f6b6694a42f5?pvs=21),2024/05/10,,3647
網路費,NT$424.00,General (https://app.notion.com/p/General-1fe52a1550c180d89a84f6b6694a42f5?pvs=21),2024/05/10,,3647
藜伙食,"NT$3,000.00",General (https://app.notion.com/p/General-1fe52a1550c180d89a84f6b6694a42f5?pvs=21),2024/05/10,,3647
慧通,"NT$13,014.00",General (https://app.notion.com/p/General-1fe52a1550c180d89a84f6b6694a42f5?pvs=21),2024/05/02,,5337
慧通,"NT$19,521.00",Investment (https://app.notion.com/p/Investment-1de52a1550c1802c9955ec4b84905202?pvs=21),2024/05/02,,175277
慧通,"NT$19,521.00",Fixed (https://app.notion.com/p/Fixed-1de52a1550c180f19995d25cbc6f1038?pvs=21),2024/05/02,,37742
慧通,"NT$6,507.00",Savings (https://app.notion.com/p/Savings-1de52a1550c18029b280dc7d9d36cb03?pvs=21),2024/05/02,,336776
慧通,"NT$6,507.00",Dream (https://app.notion.com/p/Dream-1de52a1550c180a4bc6eee5e921cbc2d?pvs=21),2024/05/02,,67347
矽統離職金,"NT$21,436.00",Dream (https://app.notion.com/p/Dream-1de52a1550c180a4bc6eee5e921cbc2d?pvs=21),2024/04/30,,65049
世新大學講師費,"NT$5,200.00",Dream (https://app.notion.com/p/Dream-1de52a1550c180a4bc6eee5e921cbc2d?pvs=21),2024/04/19,,49729
藜伙食,"NT$3,000.00",General (https://app.notion.com/p/General-1fe52a1550c180d89a84f6b6694a42f5?pvs=21),2024/04/10,,8097
Spotify月費,NT$99.00,General (https://app.notion.com/p/General-1fe52a1550c180d89a84f6b6694a42f5?pvs=21),2024/04/10,,8097
網路費,NT$424.00,General (https://app.notion.com/p/General-1fe52a1550c180d89a84f6b6694a42f5?pvs=21),2024/04/10,,8097
哥,NT$500.00,General (https://app.notion.com/p/General-1fe52a1550c180d89a84f6b6694a42f5?pvs=21),2024/04/07,,6798
4週年禮物,"NT$8,300.00",Dream (https://app.notion.com/p/Dream-1de52a1550c180a4bc6eee5e921cbc2d?pvs=21),2024/04/03,,52689
慧通,"NT$3,254.00",Dream (https://app.notion.com/p/Dream-1de52a1550c180a4bc6eee5e921cbc2d?pvs=21),2024/04/01,,70635
慧通,"NT$9,760.00",Fixed (https://app.notion.com/p/Fixed-1de52a1550c180f19995d25cbc6f1038?pvs=21),2024/04/01,,33107
慧通,"NT$5,507.00",General (https://app.notion.com/p/General-1fe52a1550c180d89a84f6b6694a42f5?pvs=21),2024/04/01,,9868
慧通,"NT$1,000.00",Couple's (https://app.notion.com/p/Couple-s-1de52a1550c181d39de7eebc343b38cd?pvs=21),2024/04/01,,1131
慧通,"NT$9,760.00",Investment (https://app.notion.com/p/Investment-1de52a1550c1802c9955ec4b84905202?pvs=21),2024/04/01,,185756
慧通,"NT$3,254.00",Savings (https://app.notion.com/p/Savings-1de52a1550c18029b280dc7d9d36cb03?pvs=21),2024/04/01,,332769
金飾項鍊,"NT$4,324.00",Dream (https://app.notion.com/p/Dream-1de52a1550c180a4bc6eee5e921cbc2d?pvs=21),2024/03/31,,67381
矽統,"NT$3,254.00",Savings (https://app.notion.com/p/Savings-1de52a1550c18029b280dc7d9d36cb03?pvs=21),2024/03/29,,334515
矽統,"NT$9,760.00",Investment (https://app.notion.com/p/Investment-1de52a1550c1802c9955ec4b84905202?pvs=21),2024/03/29,,175996
矽統,"NT$9,760.00",Fixed (https://app.notion.com/p/Fixed-1de52a1550c180f19995d25cbc6f1038?pvs=21),2024/03/29,,31437
矽統,"NT$1,000.00",Couple's (https://app.notion.com/p/Couple-s-1de52a1550c181d39de7eebc343b38cd?pvs=21),2024/03/29,,131
矽統,"NT$3,254.00",Dream (https://app.notion.com/p/Dream-1de52a1550c180a4bc6eee5e921cbc2d?pvs=21),2024/03/29,,77451
矽統,"NT$5,507.00",General (https://app.notion.com/p/General-1fe52a1550c180d89a84f6b6694a42f5?pvs=21),2024/03/29,,5939
矽統離職金,"NT$40,000.00",Savings (https://app.notion.com/p/Savings-1de52a1550c18029b280dc7d9d36cb03?pvs=21),2024/03/29,,334515
矽統離職金,"NT$80,000.00",Investment (https://app.notion.com/p/Investment-1de52a1550c1802c9955ec4b84905202?pvs=21),2024/03/29,,175996
矽統離職金,"NT$80,000.00",Dream (https://app.notion.com/p/Dream-1de52a1550c180a4bc6eee5e921cbc2d?pvs=21),2024/03/29,,77451
矽統離職金,"NT$12,152.00",Dream (https://app.notion.com/p/Dream-1de52a1550c180a4bc6eee5e921cbc2d?pvs=21),2024/03/29,,77451
矽統離職金,"NT$22,500.00",Savings (https://app.notion.com/p/Savings-1de52a1550c18029b280dc7d9d36cb03?pvs=21),2024/03/29,,334515
藜伙食,"NT$3,000.00",General (https://app.notion.com/p/General-1fe52a1550c180d89a84f6b6694a42f5?pvs=21),2024/03/03,,14799
網路費,NT$424.00,General (https://app.notion.com/p/General-1fe52a1550c180d89a84f6b6694a42f5?pvs=21),2024/03/03,,14799
Spotify月費,NT$99.00,General (https://app.notion.com/p/General-1fe52a1550c180d89a84f6b6694a42f5?pvs=21),2024/03/03,,14799
矽統,"NT$6,507.00",Savings (https://app.notion.com/p/Savings-1de52a1550c18029b280dc7d9d36cb03?pvs=21),2024/02/29,,268761
矽統,"NT$2,000.00",Couple's (https://app.notion.com/p/Couple-s-1de52a1550c181d39de7eebc343b38cd?pvs=21),2024/02/29,,875
矽統,"NT$19,521.00",Investment (https://app.notion.com/p/Investment-1de52a1550c1802c9955ec4b84905202?pvs=21),2024/02/29,,237836
矽統,"NT$19,521.00",Fixed (https://app.notion.com/p/Fixed-1de52a1550c180f19995d25cbc6f1038?pvs=21),2024/02/29,,28427
矽統,"NT$11,014.00",General (https://app.notion.com/p/General-1fe52a1550c180d89a84f6b6694a42f5?pvs=21),2024/02/29,,13014
矽統,"NT$6,507.00",Dream (https://app.notion.com/p/Dream-1de52a1550c180a4bc6eee5e921cbc2d?pvs=21),2024/02/29,,4964
Costco,NT$151.00,General (https://app.notion.com/p/General-1fe52a1550c180d89a84f6b6694a42f5?pvs=21),2024/02/17,,-916
遠東禮券,"NT$1,848.00",Dream (https://app.notion.com/p/Dream-1de52a1550c180a4bc6eee5e921cbc2d?pvs=21),2024/02/14,,6069
哥Costco,NT$500.00,General (https://app.notion.com/p/General-1fe52a1550c180d89a84f6b6694a42f5?pvs=21),2024/02/13,,6211
紅包(哥),"NT$1,000.00",Dream (https://app.notion.com/p/Dream-1de52a1550c180a4bc6eee5e921cbc2d?pvs=21),2024/02/09,,6195
打牌,"NT$2,300.00",General (https://app.notion.com/p/General-1fe52a1550c180d89a84f6b6694a42f5?pvs=21),2024/02/08,,9583
發票,NT$200.00,General (https://app.notion.com/p/General-1fe52a1550c180d89a84f6b6694a42f5?pvs=21),2024/02/06,,8852
韓國攤銷,"NT$3,000.00",General (https://app.notion.com/p/General-1fe52a1550c180d89a84f6b6694a42f5?pvs=21),2024/02/04,,9482
矽統,"NT$2,000.00",Couple's (https://app.notion.com/p/Couple-s-1de52a1550c181d39de7eebc343b38cd?pvs=21),2024/02/04,,-1125
小乖床頭櫃,NT$700.00,Dream (https://app.notion.com/p/Dream-1de52a1550c180a4bc6eee5e921cbc2d?pvs=21),2024/02/04,,16742
饗AJoy(藜,"NT$1,500.00",General (https://app.notion.com/p/General-1fe52a1550c180d89a84f6b6694a42f5?pvs=21),2024/02/04,,9482
小乖柵欄,NT$969.00,General (https://app.notion.com/p/General-1fe52a1550c180d89a84f6b6694a42f5?pvs=21),2024/02/04,,9482
網路費,NT$424.00,General (https://app.notion.com/p/General-1fe52a1550c180d89a84f6b6694a42f5?pvs=21),2024/02/04,,9482
Spotify月費,NT$99.00,General (https://app.notion.com/p/General-1fe52a1550c180d89a84f6b6694a42f5?pvs=21),2024/02/04,,9482
藜伙食,"NT$3,000.00",General (https://app.notion.com/p/General-1fe52a1550c180d89a84f6b6694a42f5?pvs=21),2024/02/04,,9482
矽統,"NT$6,507.00",Savings (https://app.notion.com/p/Savings-1de52a1550c18029b280dc7d9d36cb03?pvs=21),2024/01/31,,262254
矽統年終,"NT$13,014.00",Savings (https://app.notion.com/p/Savings-1de52a1550c18029b280dc7d9d36cb03?pvs=21),2024/01/31,,262254
矽統年終,"NT$26,028.00",Dream (https://app.notion.com/p/Dream-1de52a1550c180a4bc6eee5e921cbc2d?pvs=21),2024/01/31,,17458
矽統,"NT$6,507.00",Dream (https://app.notion.com/p/Dream-1de52a1550c180a4bc6eee5e921cbc2d?pvs=21),2024/01/31,,17458
矽統,"NT$19,521.00",Fixed (https://app.notion.com/p/Fixed-1de52a1550c180f19995d25cbc6f1038?pvs=21),2024/01/31,,23746
矽統年終,"NT$26,028.00",Investment (https://app.notion.com/p/Investment-1de52a1550c1802c9955ec4b84905202?pvs=21),2024/01/31,,262937
矽統,"NT$19,521.00",Investment (https://app.notion.com/p/Investment-1de52a1550c1802c9955ec4b84905202?pvs=21),2024/01/31,,262937
矽統,"NT$13,715.00",General (https://app.notion.com/p/General-1fe52a1550c180d89a84f6b6694a42f5?pvs=21),2024/01/31,,3676
藜伙食,"NT$3,000.00",General (https://app.notion.com/p/General-1fe52a1550c180d89a84f6b6694a42f5?pvs=21),2024/01/02,,6621
網路費,NT$424.00,General (https://app.notion.com/p/General-1fe52a1550c180d89a84f6b6694a42f5?pvs=21),2024/01/02,,6621
Spotify月費,NT$99.00,General (https://app.notion.com/p/General-1fe52a1550c180d89a84f6b6694a42f5?pvs=21),2024/01/02,,6621
矽統,"NT$2,000.00",Couple's (https://app.notion.com/p/Couple-s-1de52a1550c181d39de7eebc343b38cd?pvs=21),2024/01/02,,-6236
遠東禮卷,"NT$2,000.00",General (https://app.notion.com/p/General-1fe52a1550c180d89a84f6b6694a42f5?pvs=21),2023/12/30,,8565
哥(姜滿堂),NT$800.00,General (https://app.notion.com/p/General-1fe52a1550c180d89a84f6b6694a42f5?pvs=21),2023/12/30,,8565
矽統,"NT$5,422.00",Dream (https://app.notion.com/p/Dream-1de52a1550c180a4bc6eee5e921cbc2d?pvs=21),2023/12/29,,4199
矽統,"NT$13,556.00",Investment (https://app.notion.com/p/Investment-1de52a1550c1802c9955ec4b84905202?pvs=21),2023/12/29,,217388
矽統,"NT$2,000.00",Couple's (https://app.notion.com/p/Couple-s-1de52a1550c181d39de7eebc343b38cd?pvs=21),2023/12/29,,-8236
矽統,"NT$18,979.00",Fixed (https://app.notion.com/p/Fixed-1de52a1550c180f19995d25cbc6f1038?pvs=21),2023/12/29,,35212
矽統,"NT$23,904.00",General (https://app.notion.com/p/General-1fe52a1550c180d89a84f6b6694a42f5?pvs=21),2023/12/29,,9850
矽統,"NT$5,693.00",Savings (https://app.notion.com/p/Savings-1de52a1550c18029b280dc7d9d36cb03?pvs=21),2023/12/29,,242733
地墊+蛋白粉,"NT$5,460.00",General (https://app.notion.com/p/General-1fe52a1550c180d89a84f6b6694a42f5?pvs=21),2023/12/27,,-10424
萬歲牌總匯點心包*2,"NT$1,000.00",General (https://app.notion.com/p/General-1fe52a1550c180d89a84f6b6694a42f5?pvs=21),2023/12/23,,-8250
銀行,NT$830.00,Savings (https://app.notion.com/p/Savings-1de52a1550c18029b280dc7d9d36cb03?pvs=21),2023/12/21,,237311
銀行,NT$469.00,Investment (https://app.notion.com/p/Investment-1de52a1550c1802c9955ec4b84905202?pvs=21),2023/12/20,,203832
銀行,NT$18.00,Dream (https://app.notion.com/p/Dream-1de52a1550c180a4bc6eee5e921cbc2d?pvs=21),2023/12/20,,1777
銀行,NT$23.00,Fixed (https://app.notion.com/p/Fixed-1de52a1550c180f19995d25cbc6f1038?pvs=21),2023/12/20,,16233
銀行,NT$3.00,Couple's (https://app.notion.com/p/Couple-s-1de52a1550c181d39de7eebc343b38cd?pvs=21),2023/12/20,,-13236
銀行,NT$97.00,General (https://app.notion.com/p/General-1fe52a1550c180d89a84f6b6694a42f5?pvs=21),2023/12/20,,-5876
11月薪水,"NT$8,845.00",General (https://app.notion.com/p/General-1fe52a1550c180d89a84f6b6694a42f5?pvs=21),2023/11/30,,19686
矽統,"NT$13,556.00",Investment (https://app.notion.com/p/Investment-1de52a1550c1802c9955ec4b84905202?pvs=21),2023/11/30,,203363
矽統,"NT$5,422.00",Savings (https://app.notion.com/p/Savings-1de52a1550c18029b280dc7d9d36cb03?pvs=21),2023/11/30,,236481
矽統,"NT$2,000.00",Couple's (https://app.notion.com/p/Couple-s-1de52a1550c181d39de7eebc343b38cd?pvs=21),2023/11/30,,8976
矽統,"NT$5,423.00",Dream (https://app.notion.com/p/Dream-1de52a1550c180a4bc6eee5e921cbc2d?pvs=21),2023/11/30,,6759
矽統,"NT$18,979.00",Fixed (https://app.notion.com/p/Fixed-1de52a1550c180f19995d25cbc6f1038?pvs=21),2023/11/30,,16210
[韓國]共同帳戶,"NT$3,156.00",Couple's (https://app.notion.com/p/Couple-s-1de52a1550c181d39de7eebc343b38cd?pvs=21),2023/11/29,,6976
[韓國]代墊,"NT$21,548.00",General (https://app.notion.com/p/General-1fe52a1550c180d89a84f6b6694a42f5?pvs=21),2023/11/29,,24505
平日伙食費,"NT$3,000.00",General (https://app.notion.com/p/General-1fe52a1550c180d89a84f6b6694a42f5?pvs=21),2023/11/04,,30323
Spotify月費,NT$99.00,General (https://app.notion.com/p/General-1fe52a1550c180d89a84f6b6694a42f5?pvs=21),2023/11/04,,30323
代墊,"NT$1,000.00",General (https://app.notion.com/p/General-1fe52a1550c180d89a84f6b6694a42f5?pvs=21),2023/11/04,,30323
中華電信網路費,NT$424.00,General (https://app.notion.com/p/General-1fe52a1550c180d89a84f6b6694a42f5?pvs=21),2023/11/04,,30323
10月薪水,"NT$16,979.00",General (https://app.notion.com/p/General-1fe52a1550c180d89a84f6b6694a42f5?pvs=21),2023/10/31,,29087
10月薪水,"NT$11,694.00",General (https://app.notion.com/p/General-1fe52a1550c180d89a84f6b6694a42f5?pvs=21),2023/10/31,,29087
矽統,"NT$13,556.00",Investment (https://app.notion.com/p/Investment-1de52a1550c1802c9955ec4b84905202?pvs=21),2023/10/31,,189807
矽統,"NT$5,423.00",Savings (https://app.notion.com/p/Savings-1de52a1550c18029b280dc7d9d36cb03?pvs=21),2023/10/31,,231059
矽統,"NT$2,000.00",Couple's (https://app.notion.com/p/Couple-s-1de52a1550c181d39de7eebc343b38cd?pvs=21),2023/10/31,,4960
矽統,"NT$13,556.00",Fixed (https://app.notion.com/p/Fixed-1de52a1550c180f19995d25cbc6f1038?pvs=21),2023/10/31,,5321
矽統,"NT$2,711.00",Dream (https://app.notion.com/p/Dream-1de52a1550c180a4bc6eee5e921cbc2d?pvs=21),2023/10/31,,3256
平日伙食費,"NT$3,000.00",General (https://app.notion.com/p/General-1fe52a1550c180d89a84f6b6694a42f5?pvs=21),2023/10/10,,30679
Spotify月費,NT$99.00,General (https://app.notion.com/p/General-1fe52a1550c180d89a84f6b6694a42f5?pvs=21),2023/10/10,,30679
中華電信網路費,NT$424.00,General (https://app.notion.com/p/General-1fe52a1550c180d89a84f6b6694a42f5?pvs=21),2023/10/10,,30679
代墊,"NT$1,000.00",General (https://app.notion.com/p/General-1fe52a1550c180d89a84f6b6694a42f5?pvs=21),2023/10/10,,30679
哥Costco,"NT$1,044.00",General (https://app.notion.com/p/General-1fe52a1550c180d89a84f6b6694a42f5?pvs=21),2023/10/09,,27737
媽Costco,"NT$3,000.00",General (https://app.notion.com/p/General-1fe52a1550c180d89a84f6b6694a42f5?pvs=21),2023/10/09,,27737
9月薪水,"NT$32,465.00",General (https://app.notion.com/p/General-1fe52a1550c180d89a84f6b6694a42f5?pvs=21),2023/09/28,,37091
9月薪水,"NT$17,351.00",General (https://app.notion.com/p/General-1fe52a1550c180d89a84f6b6694a42f5?pvs=21),2023/09/28,,37091
矽統,"NT$5,212.00",Savings (https://app.notion.com/p/Savings-1de52a1550c18029b280dc7d9d36cb03?pvs=21),2023/09/28,,225636
矽統,"NT$13,031.00",Investment (https://app.notion.com/p/Investment-1de52a1550c1802c9955ec4b84905202?pvs=21),2023/09/28,,176251
矽統,"NT$2,000.00",Couple's (https://app.notion.com/p/Couple-s-1de52a1550c181d39de7eebc343b38cd?pvs=21),2023/09/28,,5085
矽統,"NT$13,031.00",Fixed (https://app.notion.com/p/Fixed-1de52a1550c180f19995d25cbc6f1038?pvs=21),2023/09/28,,1945
矽統,"NT$2,606.00",Dream (https://app.notion.com/p/Dream-1de52a1550c180a4bc6eee5e921cbc2d?pvs=21),2023/09/28,,4404
遠東禮卷,"NT$1,100.00",General (https://app.notion.com/p/General-1fe52a1550c180d89a84f6b6694a42f5?pvs=21),2023/09/07,,6445
中華電信網路費,NT$424.00,General (https://app.notion.com/p/General-1fe52a1550c180d89a84f6b6694a42f5?pvs=21),2023/09/02,,12774
平日伙食費,"NT$3,000.00",General (https://app.notion.com/p/General-1fe52a1550c180d89a84f6b6694a42f5?pvs=21),2023/09/02,,12774
Spotify月費,NT$99.00,General (https://app.notion.com/p/General-1fe52a1550c180d89a84f6b6694a42f5?pvs=21),2023/09/02,,12774
小乖住宿/美容代墊,"NT$1,300.00",General (https://app.notion.com/p/General-1fe52a1550c180d89a84f6b6694a42f5?pvs=21),2023/09/02,,12774
8月薪水,"NT$22,104.00",General (https://app.notion.com/p/General-1fe52a1550c180d89a84f6b6694a42f5?pvs=21),2023/08/31,,8305
矽統,"NT$5,212.00",Savings (https://app.notion.com/p/Savings-1de52a1550c18029b280dc7d9d36cb03?pvs=21),2023/08/31,,220424
矽統,"NT$13,031.00",Investment (https://app.notion.com/p/Investment-1de52a1550c1802c9955ec4b84905202?pvs=21),2023/08/31,,163220
矽統,"NT$2,000.00",Couple's (https://app.notion.com/p/Couple-s-1de52a1550c181d39de7eebc343b38cd?pvs=21),2023/08/31,,3785
矽統,"NT$11,031.00",Fixed (https://app.notion.com/p/Fixed-1de52a1550c180f19995d25cbc6f1038?pvs=21),2023/08/31,,8655
矽統,"NT$2,606.00",Dream (https://app.notion.com/p/Dream-1de52a1550c180a4bc6eee5e921cbc2d?pvs=21),2023/08/31,,1798
Costco代墊,"NT$6,000.00",General (https://app.notion.com/p/General-1fe52a1550c180d89a84f6b6694a42f5?pvs=21),2023/08/27,,-11966
汽車加油代墊,"NT$3,000.00",General (https://app.notion.com/p/General-1fe52a1550c180d89a84f6b6694a42f5?pvs=21),2023/08/27,,-11966
理髮代墊,"NT$1,529.00",General (https://app.notion.com/p/General-1fe52a1550c180d89a84f6b6694a42f5?pvs=21),2023/08/01,,22533
平日伙食費,"NT$3,000.00",General (https://app.notion.com/p/General-1fe52a1550c180d89a84f6b6694a42f5?pvs=21),2023/08/01,,22533
Spotify月費,NT$99.00,General (https://app.notion.com/p/General-1fe52a1550c180d89a84f6b6694a42f5?pvs=21),2023/08/01,,22533
中華電信網路費,NT$424.00,General (https://app.notion.com/p/General-1fe52a1550c180d89a84f6b6694a42f5?pvs=21),2023/08/01,,22533
7月薪水,"NT$22,689.00",General (https://app.notion.com/p/General-1fe52a1550c180d89a84f6b6694a42f5?pvs=21),2023/07/31,,17945
矽統,"NT$5,212.00",Savings (https://app.notion.com/p/Savings-1de52a1550c18029b280dc7d9d36cb03?pvs=21),2023/07/31,,215212
矽統,"NT$2,000.00",Couple's (https://app.notion.com/p/Couple-s-1de52a1550c181d39de7eebc343b38cd?pvs=21),2023/07/31,,3266
矽統,"NT$13,031.00",Investment (https://app.notion.com/p/Investment-1de52a1550c1802c9955ec4b84905202?pvs=21),2023/07/31,,150189
矽統,"NT$13,031.00",Fixed (https://app.notion.com/p/Fixed-1de52a1550c180f19995d25cbc6f1038?pvs=21),2023/07/31,,13457
矽統,"NT$2,606.00",Dream (https://app.notion.com/p/Dream-1de52a1550c180a4bc6eee5e921cbc2d?pvs=21),2023/07/31,,6201
蘭花代墊,"NT$1,440.00",General (https://app.notion.com/p/General-1fe52a1550c180d89a84f6b6694a42f5?pvs=21),2023/07/23,,100
台北晚餐代墊,NT$800.00,General (https://app.notion.com/p/General-1fe52a1550c180d89a84f6b6694a42f5?pvs=21),2023/07/10,,17699
鞋子代墊,"NT$1,000.00",General (https://app.notion.com/p/General-1fe52a1550c180d89a84f6b6694a42f5?pvs=21),2023/07/10,,17699
中華電信網路費,NT$424.00,General (https://app.notion.com/p/General-1fe52a1550c180d89a84f6b6694a42f5?pvs=21),2023/07/09,,16890
平日伙食費,"NT$3,000.00",General (https://app.notion.com/p/General-1fe52a1550c180d89a84f6b6694a42f5?pvs=21),2023/07/09,,16890
Spotify月費,NT$99.00,General (https://app.notion.com/p/General-1fe52a1550c180d89a84f6b6694a42f5?pvs=21),2023/07/09,,16890
衛生棉條代墊,"NT$1,116.00",General (https://app.notion.com/p/General-1fe52a1550c180d89a84f6b6694a42f5?pvs=21),2023/07/09,,16890
Consumption_Init,"NT$42,260.00",General (https://app.notion.com/p/General-1fe52a1550c180d89a84f6b6694a42f5?pvs=21),2023/07/02,,15635
矽統,"NT$2,000.00",Couple's (https://app.notion.com/p/Couple-s-1de52a1550c181d39de7eebc343b38cd?pvs=21),2023/06/30,,2000
牙醫代墊,"NT$1,000.00",General (https://app.notion.com/p/General-1fe52a1550c180d89a84f6b6694a42f5?pvs=21),2023/06/28,,796
,,,,,0